"Country Name","Country Code","Indicator Name","Indicator Code","2000","2001","2002","2003","2004","2005","2006","2007","2008","2009","2010","2011","2012","2013","2014","2015","2016","2017","2018","2019","2020","2021","2022",
"Aruba","ABW","Tasa de mortalidad por suicidio (por cada 100 000 habitantes)","SH.STA.SUIC.P5",,,,,,,,,,,,,,,,,,,,,,,,,,,,,,,,,,,,,,,,,,,,,,,,,,,,,,,,,,,,,,,,
,"AFE","Tasa de mortalidad por suicidio (por cada 100 000 habitantes)","SH.STA.SUIC.P5",,,,,,,,,,,,,,,,,,,,,,,,,,,,,,,,,,,,,,,,,"10.9420547108362","10.5665419853601","10.4250210555577","10.2803048430119","10.0523879207168","9.90024724346785","9.72966385129423","9.68630470502895","9.91059123741878","9.86397781469265","9.47222741961946","9.0633187922973","8.85654033794114","8.74502580559535","8.56528696773588","8.489757905799","8.32865798068702","8.23294325736132","8.11803155507571","8.02490636387147",,,,
"Afganistán","AFG","Tasa de mortalidad por suicidio (por cada 100 000 habitantes)","SH.STA.SUIC.P5",,,,,,,,,,,,,,,,,,,,,,,,,,,,,,,,,,,,,,,,,"4.9","5","5","5","5","5","4.9","4.8","4.6","4.4","4.3","4.1","4","4","3.9","4","4","4.1","4.1","4.1",,,,
,"AFW","Tasa de mortalidad por suicidio (por cada 100 000 habitantes)","SH.STA.SUIC.P5",,,,,,,,,,,,,,,,,,,,,,,,,,,,,,,,,,,,,,,,,"6.80678834173705","6.72209327304428","6.61371181772648","6.60139334342872","6.56581367415406","6.57006100566588","6.57492314819224","6.56362860542113","6.44510675032091","6.44720890877215","6.42369837412853","6.39570404425883","6.30450654967517","6.20310645779003","6.00173784825857","5.77454435010856","5.68085690353222","5.56786090097817","5.4396673424688","5.42025499558433",,,,
"Angola","AGO","Tasa de mortalidad por suicidio (por cada 100 000 habitantes)","SH.STA.SUIC.P5",,,,,,,,,,,,,,,,,,,,,,,,,,,,,,,,,,,,,,,,,"8.7","8.6","8.6","8.8","8.6","8.1","8.6","7.4","7.5","6.7","7","6.6","6.9","6.9","6.4","6.5","6.2","6","6","6.1",,,,
"Albania","ALB","Tasa de mortalidad por suicidio (por cada 100 000 habitantes)","SH.STA.SUIC.P5",,,,,,,,,,,,,,,,,,,,,,,,,,,,,,,,,,,,,,,,,"4.9","4.5","4.6","4.8","4.8","7.5","7.8","8.1","8.2","8.1","7.8","7.9","5.2","5.3","5","4.8","4.7","4.7","4.5","4.3",,,,
"Andorra","AND","Tasa de mortalidad por suicidio (por cada 100 000 habitantes)","SH.STA.SUIC.P5",,,,,,,,,,,,,,,,,,,,,,,,,,,,,,,,,,,,,,,,,,,,,,,,,,,,,,,,,,,,,,,,
"El mundo árabe","ARB","Tasa de mortalidad por suicidio (por cada 100 000 habitantes)","SH.STA.SUIC.P5",,,,,,,,,,,,,,,,,,,,,,,,,,,,,,,,,,,,,,,,,"4.56991492642974","4.58252489558561","4.53106106221088","4.48184525487038","4.43176205132565","4.42714785360224","4.39547722219138","4.40568648446754","4.4477913401117","4.46229137433791","4.49442887659906","4.55440638319174","4.56439638950136","4.48804398065401","4.42583898915614","4.31829385429635","4.24403495410757","4.16516692203031","4.19753205496014","4.16242840357089",,,,
"Emiratos Árabes Unidos","ARE","Tasa de mortalidad por suicidio (por cada 100 000 habitantes)","SH.STA.SUIC.P5",,,,,,,,,,,,,,,,,,,,,,,,,,,,,,,,,,,,,,,,,"8.6","8.6","8","7.5","7.7","7.9","8.3","8.3","8.5","8.5","8.4","8.2","7.9","7.5","7","6.5","6","5.6","6","6.4",,,,
"Argentina","ARG","Tasa de mortalidad por suicidio (por cada 100 000 habitantes)","SH.STA.SUIC.P5",,,,,,,,,,,,,,,,,,,,,,,,,,,,,,,,,,,,,,,,,"9.1","10.3","10.2","9.7","8.7","8.6","8.6","8.3","8.7","8.4","8.6","8.5","9.1","8.6","9.3","8.3","8.3","8.9","9.2","8.4",,,,
"Armenia","ARM","Tasa de mortalidad por suicidio (por cada 100 000 habitantes)","SH.STA.SUIC.P5",,,,,,,,,,,,,,,,,,,,,,,,,,,,,,,,,,,,,,,,,"3.4","3.1","3.5","2.6","4","4.2","5.9","5.8","4.8","4.8","6.8","6.8","7.4","6.4","6.3","6.2","5.7","3","2.1","3.3",,,,
"Samoa Americana","ASM","Tasa de mortalidad por suicidio (por cada 100 000 habitantes)","SH.STA.SUIC.P5",,,,,,,,,,,,,,,,,,,,,,,,,,,,,,,,,,,,,,,,,,,,,,,,,,,,,,,,,,,,,,,,
"Antigua y Barbuda","ATG","Tasa de mortalidad por suicidio (por cada 100 000 habitantes)","SH.STA.SUIC.P5",,,,,,,,,,,,,,,,,,,,,,,,,,,,,,,,,,,,,,,,,"1.9","1.9","1.3","1.3","1.7","1.3","0.5","0.4","0.3","0","0.2","0.2","0","0","0.4","0.4","0.5","0","0.4","0.4",,,,
"Australia","AUS","Tasa de mortalidad por suicidio (por cada 100 000 habitantes)","SH.STA.SUIC.P5",,,,,,,,,,,,,,,,,,,,,,,,,,,,,,,,,,,,,,,,,"12.7","12.2","11.3","10.5","10.3","11.2","10.6","10.9","11.6","11.2","11.7","11.2","11.7","11.5","12.7","13.2","12.2","13.1","12.4","12.5",,,,
"Austria","AUT","Tasa de mortalidad por suicidio (por cada 100 000 habitantes)","SH.STA.SUIC.P5",,,,,,,,,,,,,,,,,,,,,,,,,,,,,,,,,,,,,,,,,"19.9","18.6","19.3","18.2","17.5","17.2","16.4","16","15.8","16","16.1","16.5","16.3","16.2","16.5","16","15.5","15.4","15.7","14.6",,,,
"Azerbaiyán","AZE","Tasa de mortalidad por suicidio (por cada 100 000 habitantes)","SH.STA.SUIC.P5",,,,,,,,,,,,,,,,,,,,,,,,,,,,,,,,,,,,,,,,,"3.1","3.4","3.6","3.8","4.3","4.5","4.7","4.9","4.7","4.6","4.6","4.5","4.4","4.3","4.2","4.1","4","4","4","4.1",,,,
"Burundi","BDI","Tasa de mortalidad por suicidio (por cada 100 000 habitantes)","SH.STA.SUIC.P5",,,,,,,,,,,,,,,,,,,,,,,,,,,,,,,,,,,,,,,,,"11.7","10.8","10.2","9.7","9.2","8.9","8.9","8.4","7.9","7.7","7.6","7.4","7.1","7","6.7","6.4","6.4","6.4","6.3","6.2",,,,
"Bélgica","BEL","Tasa de mortalidad por suicidio (por cada 100 000 habitantes)","SH.STA.SUIC.P5",,,,,,,,,,,,,,,,,,,,,,,,,,,,,,,,,,,,,,,,,"22","22.3","20.9","21.5","20.2","20.7","20.2","18.7","20.3","20.6","20.5","21.1","20.8","19.5","19.4","18.6","19.3","18.9","18.7","18.3",,,,
"Benin","BEN","Tasa de mortalidad por suicidio (por cada 100 000 habitantes)","SH.STA.SUIC.P5",,,,,,,,,,,,,,,,,,,,,,,,,,,,,,,,,,,,,,,,,"8.8","8.8","8.8","8.8","8.8","8.7","8.6","8.5","8.2","8.5","8.4","8.5","8.3","8.3","8.2","8.1","8","8","7.9","7.8",,,,
"Burkina Faso","BFA","Tasa de mortalidad por suicidio (por cada 100 000 habitantes)","SH.STA.SUIC.P5",,,,,,,,,,,,,,,,,,,,,,,,,,,,,,,,,,,,,,,,,"8.6","8.2","8","7.9","8","8","8.1","8.1","8","8","8","7.9","8.3","8.3","8","8","7.8","7.7","7.6","7.5",,,,
"Bangladesh","BGD","Tasa de mortalidad por suicidio (por cada 100 000 habitantes)","SH.STA.SUIC.P5",,,,,,,,,,,,,,,,,,,,,,,,,,,,,,,,,,,,,,,,,"6","5.7","5.3","5.1","4.9","4.9","5","4.9","4.7","4.6","4.4","4","3.7","3.5","3.5","3.4","3.4","3.5","3.6","3.7",,,,
"Bulgaria","BGR","Tasa de mortalidad por suicidio (por cada 100 000 habitantes)","SH.STA.SUIC.P5",,,,,,,,,,,,,,,,,,,,,,,,,,,,,,,,,,,,,,,,,"18.2","17.5","17.5","15.1","14.2","13.3","13.4","12.5","13.2","12.3","12.4","11","12.5","10.5","10.4","9.8","9.7","10.3","9.7","9.7",,,,
"Bahrein","BHR","Tasa de mortalidad por suicidio (por cada 100 000 habitantes)","SH.STA.SUIC.P5",,,,,,,,,,,,,,,,,,,,,,,,,,,,,,,,,,,,,,,,,"6.6","8.8","9.2","10.2","10.2","10.3","8.2","9.6","9.2","8.6","8.2","7.9","7.4","7.1","7.4","7.4","7.7","8.1","8.6","8.9",,,,
"Bahamas","BHS","Tasa de mortalidad por suicidio (por cada 100 000 habitantes)","SH.STA.SUIC.P5",,,,,,,,,,,,,,,,,,,,,,,,,,,,,,,,,,,,,,,,,"2.3","2.5","2.3","2.4","3.2","3","3.5","3.2","3.3","3.3","3.6","3.7","3.5","3.1","3.3","3.5","3.6","3.4","3.5","3.5",,,,
"Bosnia y Herzegovina","BIH","Tasa de mortalidad por suicidio (por cada 100 000 habitantes)","SH.STA.SUIC.P5",,,,,,,,,,,,,,,,,,,,,,,,,,,,,,,,,,,,,,,,,"9","9.4","9.8","9.9","10","10.8","10.7","11.5","10.8","10.7","10.5","10.6","10.4","10.6","10.6","10.7","10.5","10.5","10.8","10.9",,,,
"Belarús","BLR","Tasa de mortalidad por suicidio (por cada 100 000 habitantes)","SH.STA.SUIC.P5",,,,,,,,,,,,,,,,,,,,,,,,,,,,,,,,,,,,,,,,,"41.8","43.3","44.3","42.9","42.1","43.5","40.9","36.8","36.7","36.5","35.9","36.2","29.9","27.9","26.3","24.3","24.2","23.3","22.8","21.2",,,,
"Belice","BLZ","Tasa de mortalidad por suicidio (por cada 100 000 habitantes)","SH.STA.SUIC.P5",,,,,,,,,,,,,,,,,,,,,,,,,,,,,,,,,,,,,,,,,"7.4","6","6.1","6.3","6.9","5.4","5.6","5.2","4.4","6.2","6.9","6.8","6.3","5.9","6","6","5.8","7","6.5","7.1",,,,
"Bermudas","BMU","Tasa de mortalidad por suicidio (por cada 100 000 habitantes)","SH.STA.SUIC.P5",,,,,,,,,,,,,,,,,,,,,,,,,,,,,,,,,,,,,,,,,,,,,,,,,,,,,,,,,,,,,,,,
"Bolivia","BOL","Tasa de mortalidad por suicidio (por cada 100 000 habitantes)","SH.STA.SUIC.P5",,,,,,,,,,,,,,,,,,,,,,,,,,,,,,,,,,,,,,,,,"6.9","6.6","6.6","6.4","6.3","6.3","5.9","6.1","6","6","6","6.1","6","6","6.2","6.4","6.6","6.4","6.3","6.2",,,,
"Brasil","BRA","Tasa de mortalidad por suicidio (por cada 100 000 habitantes)","SH.STA.SUIC.P5",,,,,,,,,,,,,,,,,,,,,,,,,,,,,,,,,,,,,,,,,"4","4.4","4.4","4.3","4.4","4.7","4.7","4.9","5.1","5.1","5","5.2","5.4","5.6","5.6","5.9","6","6.6","7","6.9",,,,
"Barbados","BRB","Tasa de mortalidad por suicidio (por cada 100 000 habitantes)","SH.STA.SUIC.P5",,,,,,,,,,,,,,,,,,,,,,,,,,,,,,,,,,,,,,,,,"2.6","1.6","0.3","1.2","1.4","2.9","1.6","1.5","1","1.5","1.6","1","0.5","0.3","0.6","0.6","0.6","0.6","0.6","0.6",,,,
"Brunei Darussalam","BRN","Tasa de mortalidad por suicidio (por cada 100 000 habitantes)","SH.STA.SUIC.P5",,,,,,,,,,,,,,,,,,,,,,,,,,,,,,,,,,,,,,,,,"1.9","1.3","1.6","1.6","1.9","2.2","2.9","2.6","2.1","1.8","1.3","1.9","2.1","1.8","1.8","1.9","2.6","3.3","3.1","2.7",,,,
"Bhután","BTN","Tasa de mortalidad por suicidio (por cada 100 000 habitantes)","SH.STA.SUIC.P5",,,,,,,,,,,,,,,,,,,,,,,,,,,,,,,,,,,,,,,,,"4.8","4.9","4.7","4.6","4.5","4.5","4.5","4.4","4.3","4.3","4.2","4.3","4.3","4.4","4.4","4.5","4.5","4.6","4.6","4.6",,,,
"Botswana","BWA","Tasa de mortalidad por suicidio (por cada 100 000 habitantes)","SH.STA.SUIC.P5",,,,,,,,,,,,,,,,,,,,,,,,,,,,,,,,,,,,,,,,,"35.3","34.5","32.7","31.2","31.8","34","32","29.3","28.4","25.1","24.4","22.7","22.6","21.6","19.6","19","17.8","17.4","17.4","16.1",,,,
"República Centroafricana","CAF","Tasa de mortalidad por suicidio (por cada 100 000 habitantes)","SH.STA.SUIC.P5",,,,,,,,,,,,,,,,,,,,,,,,,,,,,,,,,,,,,,,,,"19","17.7","17.4","16.4","15.7","15.1","15.7","15.4","15.1","16","15.8","15.4","14.7","14.9","15.6","14.4","13.7","14.3","12.8","12.3",,,,
"Canadá","CAN","Tasa de mortalidad por suicidio (por cada 100 000 habitantes)","SH.STA.SUIC.P5",,,,,,,,,,,,,,,,,,,,,,,,,,,,,,,,,,,,,,,,,"11.9","12.2","11.9","12.4","11.7","12.2","11.2","11.5","11.5","12","12.1","11.3","11.8","12.1","12.7","13","11.9","13","12","11.8",,,,
"Europa Central y del Báltico","CEB","Tasa de mortalidad por suicidio (por cada 100 000 habitantes)","SH.STA.SUIC.P5",,,,,,,,,,,,,,,,,,,,,,,,,,,,,,,,,,,,,,,,,"19.6228115678928","18.959355848657","19.1672383175238","18.733040960592","18.433930179402","18.0394020445369","17.3411855404999","16.2963760017342","16.9838106884236","18.0384755193142","17.8168172731795","17.2739908584517","17.7223873005324","17.0162544049377","16.1696054460136","15.4089357736803","14.0390585426503","13.8153828460204","13.3503879612927","12.5212571972586",,,,
"Suiza","CHE","Tasa de mortalidad por suicidio (por cada 100 000 habitantes)","SH.STA.SUIC.P5",,,,,,,,,,,,,,,,,,,,,,,,,,,,,,,,,,,,,,,,,"20.2","19.6","20.9","18.7","18.5","19","18.8","19.5","18.8","16","14.5","14.6","14.7","15.1","14.7","15","14.1","14.6","14.5","14.5",,,,
"Islas del Canal","CHI","Tasa de mortalidad por suicidio (por cada 100 000 habitantes)","SH.STA.SUIC.P5",,,,,,,,,,,,,,,,,,,,,,,,,,,,,,,,,,,,,,,,,,,,,,,,,,,,,,,,,,,,,,,,
"Chile","CHL","Tasa de mortalidad por suicidio (por cada 100 000 habitantes)","SH.STA.SUIC.P5",,,,,,,,,,,,,,,,,,,,,,,,,,,,,,,,,,,,,,,,,"10.3","10.3","9.6","9.7","10.1","9.7","10","11","12.2","12.7","11.6","11.7","10.5","9.8","9.9","10","10","9.3","8.8","9",,,,
"China","CHN","Tasa de mortalidad por suicidio (por cada 100 000 habitantes)","SH.STA.SUIC.P5",,,,,,,,,,,,,,,,,,,,,,,,,,,,,,,,,,,,,,,,,"14.3","12.9","12.2","12.8","13.3","12.9","12.1","11.5","11.1","10.7","10.2","9.6","9","8.6","8.4","8.1","8.2","8.1","8.1","8.1",,,,
"Côte d'Ivoire","CIV","Tasa de mortalidad por suicidio (por cada 100 000 habitantes)","SH.STA.SUIC.P5",,,,,,,,,,,,,,,,,,,,,,,,,,,,,,,,,,,,,,,,,"14.1","13.3","12.7","12.4","12.1","11.5","11.6","11.5","10.6","11","11.4","11.1","11.3","11.1","10.5","10","9.6","9.2","9","8.9",,,,
"Camerún","CMR","Tasa de mortalidad por suicidio (por cada 100 000 habitantes)","SH.STA.SUIC.P5",,,,,,,,,,,,,,,,,,,,,,,,,,,,,,,,,,,,,,,,,"10.7","10.8","10.6","10.8","10.7","11.4","11.7","11.4","11.2","11.1","10.8","10.8","10.6","10.4","10","9.5","9.2","9","8.9","9",,,,
"Congo, República Democrática del","COD","Tasa de mortalidad por suicidio (por cada 100 000 habitantes)","SH.STA.SUIC.P5",,,,,,,,,,,,,,,,,,,,,,,,,,,,,,,,,,,,,,,,,"7.9","7.7","7.7","7.7","7.6","7.5","7.4","7.2","7.1","7.3","7.2","7.1","6.9","6.8","6.7","6.6","6.5","6.5","6.7","6.7",,,,
"Congo, República del","COG","Tasa de mortalidad por suicidio (por cada 100 000 habitantes)","SH.STA.SUIC.P5",,,,,,,,,,,,,,,,,,,,,,,,,,,,,,,,,,,,,,,,,"14.5","12.4","11","10.1","10.2","9.7","9.6","9.3","8.9","9.3","9","8.7","8.9","8.2","7.5","6.8","6.7","6.6","6.5","6.5",,,,
"Colombia","COL","Tasa de mortalidad por suicidio (por cada 100 000 habitantes)","SH.STA.SUIC.P5",,,,,,,,,,,,,,,,,,,,,,,,,,,,,,,,,,,,,,,,,"5","4.9","4.7","4.6","4.5","4.1","4.1","4.1","4.2","4.1","3.8","3.7","3.8","3.7","3.8","4.1","4.2","4.7","4","3.9",,,,
"Comoras","COM","Tasa de mortalidad por suicidio (por cada 100 000 habitantes)","SH.STA.SUIC.P5",,,,,,,,,,,,,,,,,,,,,,,,,,,,,,,,,,,,,,,,,"6.3","6.2","5.9","5.8","5.5","5.4","5.4","5.3","5.4","5","5.6","5.1","5.2","5.2","5.5","5.5","5.5","5.4","5.4","5.4",,,,
"Cabo Verde","CPV","Tasa de mortalidad por suicidio (por cada 100 000 habitantes)","SH.STA.SUIC.P5",,,,,,,,,,,,,,,,,,,,,,,,,,,,,,,,,,,,,,,,,"12","12.1","12.3","12.4","12.8","13.2","13.1","13.5","14","14.4","14.8","14.8","14.9","14.6","14.4","14.4","14.4","14.2","13.4","12.9",,,,
"Costa Rica","CRI","Tasa de mortalidad por suicidio (por cada 100 000 habitantes)","SH.STA.SUIC.P5",,,,,,,,,,,,,,,,,,,,,,,,,,,,,,,,,,,,,,,,,"6.4","5.2","7","7.9","8.1","6.6","8.4","5.7","5.5","5.6","6.9","6.9","6.6","6.7","5.6","6.7","7.7","6.1","7.2","8.1",,,,
"Estados pequeos del Caribe","CSS","Tasa de mortalidad por suicidio (por cada 100 000 habitantes)","SH.STA.SUIC.P5",,,,,,,,,,,,,,,,,,,,,,,,,,,,,,,,,,,,,,,,,"10.2297223674597","10.6954295815046","10.4269551749527","9.86474476792499","9.71436437450209","9.48667134733796","9.14960042755017","9.18276703134845","9.64662255474673","9.49256628817609","9.54751419442037","9.20238875848473","9.37600304687882","9.86884413512576","9.73219642338407","9.73364389483037","9.62449612160155","9.72877679409183","9.9002181898566","10.0478510771172",,,,
"Cuba","CUB","Tasa de mortalidad por suicidio (por cada 100 000 habitantes)","SH.STA.SUIC.P5",,,,,,,,,,,,,,,,,,,,,,,,,,,,,,,,,,,,,,,,,"17.2","15.3","14.7","13.8","13.9","12.9","12.7","12.2","12.9","13.7","14.4","14.1","13.8","13.9","13.4","14","13.4","14.5","14.3","14.5",,,,
"Curacao","CUW","Tasa de mortalidad por suicidio (por cada 100 000 habitantes)","SH.STA.SUIC.P5",,,,,,,,,,,,,,,,,,,,,,,,,,,,,,,,,,,,,,,,,,,,,,,,,,,,,,,,,,,,,,,,
"Islas Caimán","CYM","Tasa de mortalidad por suicidio (por cada 100 000 habitantes)","SH.STA.SUIC.P5",,,,,,,,,,,,,,,,,,,,,,,,,,,,,,,,,,,,,,,,,,,,,,,,,,,,,,,,,,,,,,,,
"Chipre","CYP","Tasa de mortalidad por suicidio (por cada 100 000 habitantes)","SH.STA.SUIC.P5",,,,,,,,,,,,,,,,,,,,,,,,,,,,,,,,,,,,,,,,,"2","2.1","2.2","2.2","0.9","2.6","3.5","3.1","6.1","4.5","5.3","4.3","5.4","5.7","5.4","4.7","4.6","3.7","4.2","3.6",,,,
"República Checa","CZE","Tasa de mortalidad por suicidio (por cada 100 000 habitantes)","SH.STA.SUIC.P5",,,,,,,,,,,,,,,,,,,,,,,,,,,,,,,,,,,,,,,,,"16.3","16.2","15.4","17","16.3","15.8","14.5","14.1","14.2","15","15","16.1","16.7","15.7","14.8","13.6","13","13.9","13.6","12.2",,,,
"Alemania","DEU","Tasa de mortalidad por suicidio (por cada 100 000 habitantes)","SH.STA.SUIC.P5",,,,,,,,,,,,,,,,,,,,,,,,,,,,,,,,,,,,,,,,,"14.5","14.5","14.6","14.4","14","13.3","12.8","12.4","12.5","12.8","13.2","13.2","12.9","13.4","13.4","13.3","13","12.6","12.9","12.3",,,,
"Djibouti","DJI","Tasa de mortalidad por suicidio (por cada 100 000 habitantes)","SH.STA.SUIC.P5",,,,,,,,,,,,,,,,,,,,,,,,,,,,,,,,,,,,,,,,,"7.2","7","7.3","7.4","7.5","7.6","7.5","7.5","7.6","7.8","8.2","8.5","8.7","9","9.2","9","9.3","9.7","9.7","9.6",,,,
"Dominica","DMA","Tasa de mortalidad por suicidio (por cada 100 000 habitantes)","SH.STA.SUIC.P5",,,,,,,,,,,,,,,,,,,,,,,,,,,,,,,,,,,,,,,,,,,,,,,,,,,,,,,,,,,,,,,,
"Dinamarca","DNK","Tasa de mortalidad por suicidio (por cada 100 000 habitantes)","SH.STA.SUIC.P5",,,,,,,,,,,,,,,,,,,,,,,,,,,,,,,,,,,,,,,,,"15.6","15.8","14.9","13.6","14.2","14.8","14.7","12.6","13.1","12.9","11.8","12.6","12.8","12.1","12","10.9","10.9","11.3","11.4","10.7",,,,
"República Dominicana","DOM","Tasa de mortalidad por suicidio (por cada 100 000 habitantes)","SH.STA.SUIC.P5",,,,,,,,,,,,,,,,,,,,,,,,,,,,,,,,,,,,,,,,,"3.9","3.9","4.1","4.4","4.5","4.8","4.7","4.8","4.8","4.9","4.7","4.9","5.2","5.5","6.1","6.4","6.4","5.7","5.2","4.9",,,,
"Argelia","DZA","Tasa de mortalidad por suicidio (por cada 100 000 habitantes)","SH.STA.SUIC.P5",,,,,,,,,,,,,,,,,,,,,,,,,,,,,,,,,,,,,,,,,"4.5","4.5","4.4","4.1","4","3.9","3.7","3.5","3.4","3.2","3","3","2.9","2.9","2.8","2.7","2.6","2.5","2.5","2.5",,,,
"Asia oriental y el Pacífico (excluido altos ingresos)","EAP","Tasa de mortalidad por suicidio (por cada 100 000 habitantes)","SH.STA.SUIC.P5",,,,,,,,,,,,,,,,,,,,,,,,,,,,,,,,,,,,,,,,,"11.5188068897915","10.4560035445999","9.95527857539566","10.3351217843554","10.6631333398735","10.3014912869009","9.72662931507948","9.28777853485757","8.99067695522105","8.70307051480179","8.34911051951142","7.95156828004223","7.5111987494386","7.22309973670978","7.07872727431129","6.89163130339046","6.9682913999439","6.88141110846951","6.87415854874284","6.86709485414556",,,,
"inicial del dividendo demográfico","EAR","Tasa de mortalidad por suicidio (por cada 100 000 habitantes)","SH.STA.SUIC.P5",,,,,,,,,,,,,,,,,,,,,,,,,,,,,,,,,,,,,,,,,"10.8342994025028","10.6435718134875","10.410890581332","10.0333834647529","9.93170894415239","10.02703504578","10.0249659407916","9.89852826795921","9.84665769740321","9.58043700332682","9.55129125145543","9.55472635750793","9.3445503247598","9.07628471932948","8.69804291773792","8.46225960329126","8.34710340773181","8.29853692643954","8.47871135073023","8.46748862476187",,,,
"Asia oriental y el Pacífico","EAS","Tasa de mortalidad por suicidio (por cada 100 000 habitantes)","SH.STA.SUIC.P5",,,,,,,,,,,,,,,,,,,,,,,,,,,,,,,,,,,,,,,,,"12.3796532091307","11.3947313064755","11.045613268432","11.6055683004074","11.8267415195456","11.5426947269798","10.9201487818784","10.6516883958037","10.3913673229757","10.2761410980451","9.90320518896149","9.49849283208137","8.90058263951373","8.62314912877982","8.38572409575921","8.13421580132152","8.08132945516084","7.94814741405615","7.97407971782183","7.89203360402721",,,,
"Europa y Asia central (excluido altos ingresos)","ECA","Tasa de mortalidad por suicidio (por cada 100 000 habitantes)","SH.STA.SUIC.P5",,,,,,,,,,,,,,,,,,,,,,,,,,,,,,,,,,,,,,,,,"32.4828651624081","31.4278528548941","30.9608386295129","30.308976107249","29.4710057878339","29.2430094630293","26.6776434859087","25.2672059515622","24.5343455229139","22.7727698560375","22.2578790033906","21.0456714265929","20.2921660528371","19.6934498191625","19.8065006605255","18.6214852348838","18.0395164706725","16.4696340055865","16.2032332417571","15.2452703294687",,,,
"Europa y Asia central","ECS","Tasa de mortalidad por suicidio (por cada 100 000 habitantes)","SH.STA.SUIC.P5",,,,,,,,,,,,,,,,,,,,,,,,,,,,,,,,,,,,,,,,,"22.0018335209901","21.3567929813007","21.2268379057487","20.8253950241909","20.3117490063495","20.0141276105919","18.6815489420819","17.7854197959343","17.6980096277931","17.1248010449435","16.8020959583687","16.3235585908627","16.0621465354236","15.8073842951829","15.6202690347858","14.9778440704412","14.3953868631098","13.6877368279222","13.4557678549831","12.8273722639968",,,,
"Ecuador","ECU","Tasa de mortalidad por suicidio (por cada 100 000 habitantes)","SH.STA.SUIC.P5",,,,,,,,,,,,,,,,,,,,,,,,,,,,,,,,,,,,,,,,,"6.4","6.9","7.9","8.5","9","9.9","10","10.2","10.5","10.5","9.9","9.8","10.1","9.6","8.8","8.8","9","9.2","8.1","7.6",,,,
"Egipto, República Árabe de","EGY","Tasa de mortalidad por suicidio (por cada 100 000 habitantes)","SH.STA.SUIC.P5",,,,,,,,,,,,,,,,,,,,,,,,,,,,,,,,,,,,,,,,,"3.1","3.2","3.2","3.2","3.1","3.1","3.1","3.1","3.1","3.1","3.2","3.3","3.4","3.4","3.3","3.3","3.2","3","3","3",,,,
"Zona del Euro","EMU","Tasa de mortalidad por suicidio (por cada 100 000 habitantes)","SH.STA.SUIC.P5",,,,,,,,,,,,,,,,,,,,,,,,,,,,,,,,,,,,,,,,,"13.9313130955772","13.630681849557","13.8064289033889","13.7464960002818","13.2986040578575","12.8835528620726","12.4520865021895","12.0302911241097","12.3534608004617","12.5535033244019","12.402430632299","12.5020129169797","12.5500951955844","12.5988464549117","12.2605680133022","12.0362304383456","11.6303681166297","11.6496797462122","11.4136377198639","11.1475918910316",,,,
"Eritrea","ERI","Tasa de mortalidad por suicidio (por cada 100 000 habitantes)","SH.STA.SUIC.P5",,,,,,,,,,,,,,,,,,,,,,,,,,,,,,,,,,,,,,,,,"14.5","14","13.7","12.8","13","13.1","13.2","12.9","13.3","13","12.7","12.5","12.3","12","11.7","11.6","11.5","11.3","11.3","10.9",,,,
"España","ESP","Tasa de mortalidad por suicidio (por cada 100 000 habitantes)","SH.STA.SUIC.P5",,,,,,,,,,,,,,,,,,,,,,,,,,,,,,,,,,,,,,,,,"8.6","8","8.3","8.5","8.5","8","7.5","7.4","7.8","7.6","6.9","7.1","7.7","8.5","8.6","7.9","7.8","8.2","7.8","7.7",,,,
"Estonia","EST","Tasa de mortalidad por suicidio (por cada 100 000 habitantes)","SH.STA.SUIC.P5",,,,,,,,,,,,,,,,,,,,,,,,,,,,,,,,,,,,,,,,,"29.1","30.3","29.3","26.3","26.5","22.6","20.9","21.4","19.4","23.3","18.8","18.2","21.1","18.9","19.5","15.9","15.7","18.7","15.3","14.9",,,,
"Etiopía","ETH","Tasa de mortalidad por suicidio (por cada 100 000 habitantes)","SH.STA.SUIC.P5",,,,,,,,,,,,,,,,,,,,,,,,,,,,,,,,,,,,,,,,,"9.7","9.3","8.9","8.6","8.3","8.1","7.8","7.7","7.6","7.4","7.1","6.7","6.1","5.7","5.5","5.5","5.5","5.4","5.4","5.4",,,,
"Unión Europea","EUU","Tasa de mortalidad por suicidio (por cada 100 000 habitantes)","SH.STA.SUIC.P5",,,,,,,,,,,,,,,,,,,,,,,,,,,,,,,,,,,,,,,,,"14.8680697302576","14.5328073164313","14.6954567552892","14.5275093043504","14.1753839960019","13.8193033845587","13.3694042104198","12.8012476088299","13.205429071553","13.5847346970082","13.429770503377","13.3795669367296","13.5512580519908","13.4168098829329","12.9691798740217","12.6364066505478","12.0108000052577","11.990891859883","11.7573709230246","11.3429974651404",,,,
"Frágiles y situaciones de conflicto afectados","FCS","Tasa de mortalidad por suicidio (por cada 100 000 habitantes)","SH.STA.SUIC.P5",,,,,,,,,,,,,,,,,,,,,,,,,,,,,,,,,,,,,,,,,"9.30402709844449","8.9036235053373","8.66521552466762","8.39360062930489","8.21882866471798","8.13545415693414","7.79758163023858","7.78653594404259","7.69076581984286","7.39615222961095","7.1797297934682","6.9862619144439","6.81515690115967","6.62655419140559","6.54851070010914","6.27845106766847","6.18490588051932","6.04717325542934","6.07032566692128","6.01850896964679",,,,
"Finlandia","FIN","Tasa de mortalidad por suicidio (por cada 100 000 habitantes)","SH.STA.SUIC.P5",,,,,,,,,,,,,,,,,,,,,,,,,,,,,,,,,,,,,,,,,"24.3","24.1","22","21.7","21.2","19.9","21","19.7","20.6","20.4","18.6","17.9","17","17.2","15.4","14","15.2","15.9","16.2","15.3",,,,
"Fiji","FJI","Tasa de mortalidad por suicidio (por cada 100 000 habitantes)","SH.STA.SUIC.P5",,,,,,,,,,,,,,,,,,,,,,,,,,,,,,,,,,,,,,,,,"10.6","10.4","10.1","9.7","9.4","9.5","9.2","9.4","9.6","9.7","9.6","9.8","10","10","9.7","9.4","9.4","9.3","9.1","9",,,,
"Francia","FRA","Tasa de mortalidad por suicidio (por cada 100 000 habitantes)","SH.STA.SUIC.P5",,,,,,,,,,,,,,,,,,,,,,,,,,,,,,,,,,,,,,,,,"20.2","19.5","19.8","20.1","19.5","19.1","18.5","17.9","18.2","18.4","18.2","18","17.8","17","15.6","15.8","14.9","14.6","14.2","13.8",,,,
"Islas Feroe","FRO","Tasa de mortalidad por suicidio (por cada 100 000 habitantes)","SH.STA.SUIC.P5",,,,,,,,,,,,,,,,,,,,,,,,,,,,,,,,,,,,,,,,,,,,,,,,,,,,,,,,,,,,,,,,
"Micronesia (Estados Federados de)","FSM","Tasa de mortalidad por suicidio (por cada 100 000 habitantes)","SH.STA.SUIC.P5",,,,,,,,,,,,,,,,,,,,,,,,,,,,,,,,,,,,,,,,,"24","23.4","22.5","22.8","23.8","24.6","24.6","24.4","24.5","24.5","24.5","25.2","25.5","25.6","25.8","27","27","27.7","28.2","28.2",,,,
"Gabón","GAB","Tasa de mortalidad por suicidio (por cada 100 000 habitantes)","SH.STA.SUIC.P5",,,,,,,,,,,,,,,,,,,,,,,,,,,,,,,,,,,,,,,,,"13","12.2","11.2","11","10.1","10.2","10.6","10.4","11.3","10.2","10.1","10","8.9","8.6","9.8","9.6","9.2","8.8","8.6","8.4",,,,
"Reino Unido","GBR","Tasa de mortalidad por suicidio (por cada 100 000 habitantes)","SH.STA.SUIC.P5",,,,,,,,,,,,,,,,,,,,,,,,,,,,,,,,,,,,,,,,,"8.6","8.3","8.3","7.9","8.2","7.9","7.8","7.6","8.1","8","7.8","8.3","8.2","8.8","8.6","8.8","8.5","8.2","8.1","7.9",,,,
"Georgia","GEO","Tasa de mortalidad por suicidio (por cada 100 000 habitantes)","SH.STA.SUIC.P5",,,,,,,,,,,,,,,,,,,,,,,,,,,,,,,,,,,,,,,,,"7.4","6.9","8.2","6.6","7.4","6.2","6.2","6.1","7.5","8.5","8.3","8.7","9.2","9.8","10.3","10.5","10.7","9.6","9.4","9.2",,,,
"Ghana","GHA","Tasa de mortalidad por suicidio (por cada 100 000 habitantes)","SH.STA.SUIC.P5",,,,,,,,,,,,,,,,,,,,,,,,,,,,,,,,,,,,,,,,,"5.4","5.8","6.1","6.4","6.6","6.9","7","7.2","7.5","7.6","7.8","7.8","7.8","7.7","7.5","7.3","7.2","7","6.6","6.6",,,,
"Gibraltar","GIB","Tasa de mortalidad por suicidio (por cada 100 000 habitantes)","SH.STA.SUIC.P5",,,,,,,,,,,,,,,,,,,,,,,,,,,,,,,,,,,,,,,,,,,,,,,,,,,,,,,,,,,,,,,,
"Guinea","GIN","Tasa de mortalidad por suicidio (por cada 100 000 habitantes)","SH.STA.SUIC.P5",,,,,,,,,,,,,,,,,,,,,,,,,,,,,,,,,,,,,,,,,"5.4","5.4","5.6","5.6","5.7","5.6","6","6.3","6.3","6.4","6.8","7","7.1","7.3","7.1","7.2","7.1","7","6.9","7",,,,
"Gambia","GMB","Tasa de mortalidad por suicidio (por cada 100 000 habitantes)","SH.STA.SUIC.P5",,,,,,,,,,,,,,,,,,,,,,,,,,,,,,,,,,,,,,,,,"5.6","5.7","5.8","5.8","5.9","5.8","5.7","5.7","5.6","5.5","5.3","5.4","5.3","5.3","5.3","5.1","4.9","4.9","4.8","4.8",,,,
"Guinea-Bissau","GNB","Tasa de mortalidad por suicidio (por cada 100 000 habitantes)","SH.STA.SUIC.P5",,,,,,,,,,,,,,,,,,,,,,,,,,,,,,,,,,,,,,,,,"9.5","9.3","9.1","8.8","8.8","8.4","8.4","8.4","8.4","8.5","8.4","8.2","8","8.1","7.8","7.3","7.3","7.3","7.2","7",,,,
"Guinea Ecuatorial","GNQ","Tasa de mortalidad por suicidio (por cada 100 000 habitantes)","SH.STA.SUIC.P5",,,,,,,,,,,,,,,,,,,,,,,,,,,,,,,,,,,,,,,,,"12.6","11.4","10.1","9.7","9.3","8.9","9.2","9","8.8","8.9","10","11.2","10","8.4","8.8","9.8","9.3","7.8","8.3","7.9",,,,
"Grecia","GRC","Tasa de mortalidad por suicidio (por cada 100 000 habitantes)","SH.STA.SUIC.P5",,,,,,,,,,,,,,,,,,,,,,,,,,,,,,,,,,,,,,,,,"3.5","3.1","2.9","3.3","3.1","3.7","3.7","3","3.4","3.6","3.5","4.4","4.8","5","5.3","5","4.7","5.1","5.1","5.1",,,,
"Granada","GRD","Tasa de mortalidad por suicidio (por cada 100 000 habitantes)","SH.STA.SUIC.P5",,,,,,,,,,,,,,,,,,,,,,,,,,,,,,,,,,,,,,,,,"1.9","0.4","3.2","2.4","4.6","3.1","5.1","2","2.4","0.7","0.9","1.7","1.7","1.2","0.6","0.7","1","0.6","0.3","0.7",,,,
"Groenlandia","GRL","Tasa de mortalidad por suicidio (por cada 100 000 habitantes)","SH.STA.SUIC.P5",,,,,,,,,,,,,,,,,,,,,,,,,,,,,,,,,,,,,,,,,,,,,,,,,,,,,,,,,,,,,,,,
"Guatemala","GTM","Tasa de mortalidad por suicidio (por cada 100 000 habitantes)","SH.STA.SUIC.P5",,,,,,,,,,,,,,,,,,,,,,,,,,,,,,,,,,,,,,,,,"10.2","10.7","10.5","10.8","11","11.4","10.7","8.3","8","7.9","7.3","6.6","6.1","5.9","5.8","5.8","5.7","5.6","6","5.9",,,,
"Guam","GUM","Tasa de mortalidad por suicidio (por cada 100 000 habitantes)","SH.STA.SUIC.P5",,,,,,,,,,,,,,,,,,,,,,,,,,,,,,,,,,,,,,,,,,,,,,,,,,,,,,,,,,,,,,,,
"Guyana","GUY","Tasa de mortalidad por suicidio (por cada 100 000 habitantes)","SH.STA.SUIC.P5",,,,,,,,,,,,,,,,,,,,,,,,,,,,,,,,,,,,,,,,,"31.4","34.7","34.5","33.2","32.5","30.9","30.7","30.9","30","32.9","33.3","32.6","35","38.2","37.2","37.3","37.9","38.5","39.5","40.3",,,,
"Ingreso alto","HIC","Tasa de mortalidad por suicidio (por cada 100 000 habitantes)","SH.STA.SUIC.P5",,,,,,,,,,,,,,,,,,,,,,,,,,,,,,,,,,,,,,,,,"13.9804371887937","13.8877966055742","14.2407025225129","14.5439051326028","14.3179133370054","14.2565117120312","13.8945110859555","14.0130293560696","14.2944898839156","14.7493014010042","14.6403400226339","14.6361936395997","14.3299370962924","14.2832570479242","14.0535898565416","13.8914243235674","13.5627622562477","13.6659155909659","13.5460236374308","13.3390545350587",,,,
"Hong Kong, Región Administrativa Especial","HKG","Tasa de mortalidad por suicidio (por cada 100 000 habitantes)","SH.STA.SUIC.P5",,,,,,,,,,,,,,,,,,,,,,,,,,,,,,,,,,,,,,,,,,,,,,,,,,,,,,,,,,,,,,,,
"Honduras","HND","Tasa de mortalidad por suicidio (por cada 100 000 habitantes)","SH.STA.SUIC.P5",,,,,,,,,,,,,,,,,,,,,,,,,,,,,,,,,,,,,,,,,"2.1","2.1","2.1","2.2","2.1","2.2","2.2","2.1","2.1","2","2","1.9","3.3","3.2","3.4","4","2","2.1","2","2.1",,,,
"Países pobres muy endeudados (PPME)","HPC","Tasa de mortalidad por suicidio (por cada 100 000 habitantes)","SH.STA.SUIC.P5",,,,,,,,,,,,,,,,,,,,,,,,,,,,,,,,,,,,,,,,,"8.6131501841481","8.29292484241798","8.04335140414053","7.88557038171124","7.74712076967612","7.66354075186395","7.58620950475809","7.44159250320708","7.35229084746155","7.36642600718348","7.27169825514613","7.14683916730205","6.94700223354667","6.80484884287529","6.60812164959248","6.48414276989054","6.37677942950289","6.29429149198484","6.25854891739024","6.23427580556595",,,,
"Croacia","HRV","Tasa de mortalidad por suicidio (por cada 100 000 habitantes)","SH.STA.SUIC.P5",,,,,,,,,,,,,,,,,,,,,,,,,,,,,,,,,,,,,,,,,"20.8","19.7","19.5","19.7","20.2","20.1","18.3","18.1","18.4","18.3","18.3","16.4","18.4","16.5","17.3","17.6","16.4","15.7","16.4","16.4",,,,
"Haití","HTI","Tasa de mortalidad por suicidio (por cada 100 000 habitantes)","SH.STA.SUIC.P5",,,,,,,,,,,,,,,,,,,,,,,,,,,,,,,,,,,,,,,,,"9.7","9.5","9.3","9.3","9","9.4","9.6","10","10.1","10.3","10.9","10.1","10","9.9","10","10","9.8","9.7","9.7","9.6",,,,
"Hungría","HUN","Tasa de mortalidad por suicidio (por cada 100 000 habitantes)","SH.STA.SUIC.P5",,,,,,,,,,,,,,,,,,,,,,,,,,,,,,,,,,,,,,,,,"33.4","29.8","28.6","28","27.5","26.4","24.9","25","25.4","25.4","25.5","25.1","24.8","22.1","20.4","19.9","18.7","17.5","17.7","16.6",,,,
"Sólo BIRF","IBD","Tasa de mortalidad por suicidio (por cada 100 000 habitantes)","SH.STA.SUIC.P5",,,,,,,,,,,,,,,,,,,,,,,,,,,,,,,,,,,,,,,,,"14.1107771400879","13.4491219092681","13.0517664623401","12.9268201563461","12.9443530064141","12.8259478609268","12.335578435764","11.9255475883581","11.7244088141822","11.2997688186778","11.0846635401114","10.8252429290564","10.4599266959484","10.099127530282","9.78633728838127","9.4497620148472","9.34686216429491","9.18920632384265","9.31212134662126","9.21569850506591",,,,
"BIRF y la AIF","IBT","Tasa de mortalidad por suicidio (por cada 100 000 habitantes)","SH.STA.SUIC.P5",,,,,,,,,,,,,,,,,,,,,,,,,,,,,,,,,,,,,,,,,"12.7598347510893","12.1647154666709","11.8040389860609","11.6649033108443","11.6503220828807","11.5599992353404","11.1319365516731","10.7975452971111","10.6117086617802","10.2876010416115","10.0913640104932","9.84307391072777","9.52491636613083","9.22067246781786","8.94178902199863","8.66816470870188","8.5674361985834","8.42255385823582","8.49352001426216","8.40886834150256",,,,
"total de la AIF","IDA","Tasa de mortalidad por suicidio (por cada 100 000 habitantes)","SH.STA.SUIC.P5",,,,,,,,,,,,,,,,,,,,,,,,,,,,,,,,,,,,,,,,,"7.92302147683832","7.62500015468055","7.45312044565612","7.3231103386616","7.25512953948914","7.31515332102545","7.1495056964283","7.11604214266021","7.02718301832884","7.06906035128679","6.97586443489924","6.80323052937608","6.66524768803337","6.56250975796146","6.41295218014761","6.35335394726277","6.28620498269514","6.20663787616896","6.15903756717989","6.14069647341194",,,,
"mezcla de la AIF","IDB","Tasa de mortalidad por suicidio (por cada 100 000 habitantes)","SH.STA.SUIC.P5",,,,,,,,,,,,,,,,,,,,,,,,,,,,,,,,,,,,,,,,,"7.65621877581757","7.60194421290396","7.58196370716079","7.4973587838148","7.49707118637559","7.4809690284468","7.52376855177278","7.55319460876866","7.52225855155125","7.40522976472047","7.33764082129029","7.28015654334131","7.23619997327388","7.18665847553603","7.06310712324095","6.9849160606401","6.95078186333309","6.84171344740944","6.71019695589064","6.68420012914147",,,,
"Indonesia","IDN","Tasa de mortalidad por suicidio (por cada 100 000 habitantes)","SH.STA.SUIC.P5",,,,,,,,,,,,,,,,,,,,,,,,,,,,,,,,,,,,,,,,,"3.5","3.4","3.3","3.2","3.2","3","2.9","2.9","2.8","2.7","2.6","2.6","2.5","2.5","2.4","2.4","2.4","2.4","2.4","2.4",,,,
"Sólo AIF","IDX","Tasa de mortalidad por suicidio (por cada 100 000 habitantes)","SH.STA.SUIC.P5",,,,,,,,,,,,,,,,,,,,,,,,,,,,,,,,,,,,,,,,,"8.05656978338284","7.63658555917247","7.38838361734397","7.23568769813398","7.133756167331","7.23198854721347","6.9618776487176","6.8968112096379","6.77853694668262","6.89987911049972","6.79335998100496","6.56229660943644","6.37689866110343","6.24746503788358","6.08510572166392","6.03556582412342","5.95299539539177","5.88931380457264","5.88443050487122","5.8707067724798",,,,
"Isla de Man","IMN","Tasa de mortalidad por suicidio (por cada 100 000 habitantes)","SH.STA.SUIC.P5",,,,,,,,,,,,,,,,,,,,,,,,,,,,,,,,,,,,,,,,,,,,,,,,,,,,,,,,,,,,,,,,
"India","IND","Tasa de mortalidad por suicidio (por cada 100 000 habitantes)","SH.STA.SUIC.P5",,,,,,,,,,,,,,,,,,,,,,,,,,,,,,,,,,,,,,,,,"17","16.6","16.1","15.3","15.2","15.5","15.6","15.3","15.1","14.5","14.6","14.7","14.3","13.7","12.8","12.3","12.1","12","12.6","12.7",,,,
"No clasificado","INX","Tasa de mortalidad por suicidio (por cada 100 000 habitantes)","SH.STA.SUIC.P5",,,,,,,,,,,,,,,,,,,,,,,,,,,,,,,,,,,,,,,,,,,,,,,,,,,,,,,,,,,,,,,,
"Irlanda","IRL","Tasa de mortalidad por suicidio (por cada 100 000 habitantes)","SH.STA.SUIC.P5",,,,,,,,,,,,,,,,,,,,,,,,,,,,,,,,,,,,,,,,,"12.7","13.2","12.2","12.1","11.9","11.8","10.9","11.5","12.2","14","11.9","12.5","12.4","11.4","11","9.3","10","10","9.9","9.6",,,,
"Irán, República Islámica del","IRN","Tasa de mortalidad por suicidio (por cada 100 000 habitantes)","SH.STA.SUIC.P5",,,,,,,,,,,,,,,,,,,,,,,,,,,,,,,,,,,,,,,,,"8","7.8","7.5","7","6.7","6.3","6","6.4","6.2","6.2","6.3","6.8","6.7","6.6","6.5","6.3","6.2","6","5.7","5.2",,,,
"Iraq","IRQ","Tasa de mortalidad por suicidio (por cada 100 000 habitantes)","SH.STA.SUIC.P5",,,,,,,,,,,,,,,,,,,,,,,,,,,,,,,,,,,,,,,,,"3.8","3.8","3.8","3.8","3.8","3.8","3.8","3.7","3.6","3.7","3.9","4.1","4.1","4.2","4.1","4.1","4","3.9","3.7","3.6",,,,
"Islandia","ISL","Tasa de mortalidad por suicidio (por cada 100 000 habitantes)","SH.STA.SUIC.P5",,,,,,,,,,,,,,,,,,,,,,,,,,,,,,,,,,,,,,,,,"13.1","12.8","12.2","12.5","12.4","11.8","12.5","14.8","14.8","14.3","12.8","11.6","13.5","13.9","15.7","14.3","13","12.2","10.8","11.9",,,,
"Israel","ISR","Tasa de mortalidad por suicidio (por cada 100 000 habitantes)","SH.STA.SUIC.P5",,,,,,,,,,,,,,,,,,,,,,,,,,,,,,,,,,,,,,,,,"6.8","6.4","5.9","6.4","6.1","6.7","5.5","5.2","5.3","6","6.7","5.7","6.1","5.2","5.1","4.5","5.2","5.1","5.4","5.3",,,,
"Italia","ITA","Tasa de mortalidad por suicidio (por cada 100 000 habitantes)","SH.STA.SUIC.P5",,,,,,,,,,,,,,,,,,,,,,,,,,,,,,,,,,,,,,,,,"7.5","7.3","7.4","7.4","7.2","6.7","6.7","6.7","6.9","7","6.9","7.4","7.6","7.5","7.2","7.1","6.6","7.1","6.7","6.7",,,,
"Jamaica","JAM","Tasa de mortalidad por suicidio (por cada 100 000 habitantes)","SH.STA.SUIC.P5",,,,,,,,,,,,,,,,,,,,,,,,,,,,,,,,,,,,,,,,,"1.9","1.9","1.8","1.7","1.6","1.5","1.5","1.8","2.2","2.3","1.9","2.2","2.1","2","2.2","2.2","2.2","2.3","2.3","2.4",,,,
"Jordania","JOR","Tasa de mortalidad por suicidio (por cada 100 000 habitantes)","SH.STA.SUIC.P5",,,,,,,,,,,,,,,,,,,,,,,,,,,,,,,,,,,,,,,,,"2.5","2.4","2.3","2.3","2.2","2","1.9","1.7","1.7","1.6","1.5","1.5","1.5","1.5","1.5","1.5","1.5","1.5","1.6","1.6",,,,
"Japón","JPN","Tasa de mortalidad por suicidio (por cada 100 000 habitantes)","SH.STA.SUIC.P5",,,,,,,,,,,,,,,,,,,,,,,,,,,,,,,,,,,,,,,,,"23.9","23.2","23.8","25.6","24.1","24.3","23.9","25","24.4","24.9","24.1","23.4","21.6","21.4","20.1","19.1","17.5","17","16.7","15.3",,,,
"Kazajstán","KAZ","Tasa de mortalidad por suicidio (por cada 100 000 habitantes)","SH.STA.SUIC.P5",,,,,,,,,,,,,,,,,,,,,,,,,,,,,,,,,,,,,,,,,"38.7","39","38.2","39.2","39.7","39.2","38","38","34.6","30.3","29.9","28.7","27.6","26.3","24.2","23.2","21.7","20.8","19","17.6",,,,
"Kenya","KEN","Tasa de mortalidad por suicidio (por cada 100 000 habitantes)","SH.STA.SUIC.P5",,,,,,,,,,,,,,,,,,,,,,,,,,,,,,,,,,,,,,,,,"7.6","6.9","6.4","6.1","5.7","6","6","6.3","6.2","6","6","5.9","5.9","5.9","5.7","5.5","5.4","5.6","6","6.1",,,,
"Kirguistán","KGZ","Tasa de mortalidad por suicidio (por cada 100 000 habitantes)","SH.STA.SUIC.P5",,,,,,,,,,,,,,,,,,,,,,,,,,,,,,,,,,,,,,,,,"14.8","14.1","14","13.2","12.6","13.2","13.1","12.6","12.3","11.9","11.4","11.3","10.9","10.5","10.5","9.9","8.6","8.3","8","7.4",,,,
"Camboya","KHM","Tasa de mortalidad por suicidio (por cada 100 000 habitantes)","SH.STA.SUIC.P5",,,,,,,,,,,,,,,,,,,,,,,,,,,,,,,,,,,,,,,,,"5","5.1","5.1","5.1","5.3","5.5","5.7","5.7","5.6","5.4","5.4","5.3","5.2","5.2","5.1","5.1","5.1","5","4.9","4.9",,,,
"Kiribati","KIR","Tasa de mortalidad por suicidio (por cada 100 000 habitantes)","SH.STA.SUIC.P5",,,,,,,,,,,,,,,,,,,,,,,,,,,,,,,,,,,,,,,,,"31.2","31.1","30.9","29.4","29.3","30.1","29.4","30.9","31.5","30.9","30.7","30.8","30","30.5","29.8","29.7","29.5","29.6","28.1","28.3",,,,
"Saint Kitts y Nevis","KNA","Tasa de mortalidad por suicidio (por cada 100 000 habitantes)","SH.STA.SUIC.P5",,,,,,,,,,,,,,,,,,,,,,,,,,,,,,,,,,,,,,,,,,,,,,,,,,,,,,,,,,,,,,,,
"Corea, República de","KOR","Tasa de mortalidad por suicidio (por cada 100 000 habitantes)","SH.STA.SUIC.P5",,,,,,,,,,,,,,,,,,,,,,,,,,,,,,,,,,,,,,,,,"14.5","15.6","19","24.1","25.4","26.7","23.7","26.7","28.6","34.2","34","34.5","30.2","30.6","29","28","27.2","25.8","28.6","28.6",,,,
"Kuwait","KWT","Tasa de mortalidad por suicidio (por cada 100 000 habitantes)","SH.STA.SUIC.P5",,,,,,,,,,,,,,,,,,,,,,,,,,,,,,,,,,,,,,,,,"3","2.6","2.8","2.6","2.7","2.6","2.7","2.6","2.9","2.7","2.5","2.3","2.4","2.4","2.5","2.6","2.6","2.7","2.8","2.9",,,,
"América Latina y el Caribe (excluido altos ingresos)","LAC","Tasa de mortalidad por suicidio (por cada 100 000 habitantes)","SH.STA.SUIC.P5",,,,,,,,,,,,,,,,,,,,,,,,,,,,,,,,,,,,,,,,,"5.05350767571839","5.30660022259675","5.30922837589341","5.28185835084574","5.24549877538836","5.35677816387121","5.30253610564177","5.30384872299233","5.48892869211359","5.58120669111605","5.48053621814921","5.67877466689719","5.72210878857663","5.79946778948252","5.92756892464102","6.00101448597944","5.98829445954328","6.37185953488015","6.3458952349143","6.19947728284058",,,,
"República Democrática Popular Lao","LAO","Tasa de mortalidad por suicidio (por cada 100 000 habitantes)","SH.STA.SUIC.P5",,,,,,,,,,,,,,,,,,,,,,,,,,,,,,,,,,,,,,,,,"6.9","6.9","6.7","6.5","6.5","6.5","6.4","6.3","6.3","6.1","6","5.9","5.7","5.7","5.5","5.6","5.6","5.6","5.6","5.4",,,,
"Líbano","LBN","Tasa de mortalidad por suicidio (por cada 100 000 habitantes)","SH.STA.SUIC.P5",,,,,,,,,,,,,,,,,,,,,,,,,,,,,,,,,,,,,,,,,"2.8","2.7","2.7","2.6","2.7","2.7","2.5","2.9","2.9","3","3","3","3","3","2.8","2.8","2.7","3","2.5","2.8",,,,
"Liberia","LBR","Tasa de mortalidad por suicidio (por cada 100 000 habitantes)","SH.STA.SUIC.P5",,,,,,,,,,,,,,,,,,,,,,,,,,,,,,,,,,,,,,,,,"5.1","4.8","4.8","4.8","4.8","4.7","4.8","4.9","4.8","4.8","4.9","5","5","4.9","4.9","4.5","4.5","4.5","4.4","4.5",,,,
"Libia","LBY","Tasa de mortalidad por suicidio (por cada 100 000 habitantes)","SH.STA.SUIC.P5",,,,,,,,,,,,,,,,,,,,,,,,,,,,,,,,,,,,,,,,,"4.9","5.1","5.2","5.1","4.4","4.3","4.2","4.9","5.4","5.7","5.6","5.1","5.7","4.8","6.3","5.6","5","5.5","5.8","4.5",,,,
"Santa Lucía","LCA","Tasa de mortalidad por suicidio (por cada 100 000 habitantes)","SH.STA.SUIC.P5",,,,,,,,,,,,,,,,,,,,,,,,,,,,,,,,,,,,,,,,,"7.2","7.3","6.8","7.2","6.9","7.1","7.6","7.1","8","7.2","7.9","7.2","8.7","8.3","8.9","8.7","7.4","7.9","8","7.9",,,,
"América Latina y el Caribe","LCN","Tasa de mortalidad por suicidio (por cada 100 000 habitantes)","SH.STA.SUIC.P5",,,,,,,,,,,,,,,,,,,,,,,,,,,,,,,,,,,,,,,,,"5.36167104840554","5.59983152553791","5.5924044745919","5.51616844455482","5.47049322101754","5.54243748733651","5.48041019159919","5.5054830223298","5.69082675364698","5.76632731888063","5.65459251753647","5.84267789980971","5.83195462070062","5.84038893711786","5.94987585606245","6.02668992759409","6.02635541692136","6.35349189670413","6.32314183491782","6.19925578268023",,,,
"Países menos desarrollados: clasificación de las Naciones Unidas","LDC","Tasa de mortalidad por suicidio (por cada 100 000 habitantes)","SH.STA.SUIC.P5",,,,,,,,,,,,,,,,,,,,,,,,,,,,,,,,,,,,,,,,,"7.663180154054","7.35450016860162","7.11652227630427","6.96492991036528","6.83500255103986","6.76396364523895","6.75371060392323","6.61466579347245","6.56998650349898","6.54658113596639","6.4468787150616","6.2865950727466","6.10776598684714","5.99310194010119","5.86722292359063","5.78839618729584","5.73553238201745","5.683949415756","5.70164727956091","5.7007448952148",,,,
"Países de ingreso bajo","LIC","Tasa de mortalidad por suicidio (por cada 100 000 habitantes)","SH.STA.SUIC.P5",,,,,,,,,,,,,,,,,,,,,,,,,,,,,,,,,,,,,,,,,"8.09155609186022","7.81874060604662","7.6209615488178","7.46748542592162","7.35033408405353","7.26753107559638","7.16481778787322","7.00468454848197","6.93471088524799","6.93797867591818","6.8280084477092","6.70971672712242","6.5366212308012","6.40116359659103","6.25854541409147","6.18248828044297","6.13322267777716","6.05323904776788","6.05979815349833","6.04874582541466",,,,
"Liechtenstein","LIE","Tasa de mortalidad por suicidio (por cada 100 000 habitantes)","SH.STA.SUIC.P5",,,,,,,,,,,,,,,,,,,,,,,,,,,,,,,,,,,,,,,,,,,,,,,,,,,,,,,,,,,,,,,,
"Sri Lanka","LKA","Tasa de mortalidad por suicidio (por cada 100 000 habitantes)","SH.STA.SUIC.P5",,,,,,,,,,,,,,,,,,,,,,,,,,,,,,,,,,,,,,,,,"26.7","21.8","21","20.9","21.8","28.6","18.3","20","17.5","22.7","21.9","17.9","16.6","15.2","13.1","15.1","14.8","14.4","14.2","14",,,,
"Países de ingreso mediano bajo","LMC","Tasa de mortalidad por suicidio (por cada 100 000 habitantes)","SH.STA.SUIC.P5",,,,,,,,,,,,,,,,,,,,,,,,,,,,,,,,,,,,,,,,,"12.3799509353108","11.9999026665776","11.6754370453258","11.201058524305","11.0991080641541","11.2524021685012","11.1563876412948","11.0330225166796","10.8867115963324","10.5305174655926","10.5129282850721","10.4793128589012","10.2334904220629","9.89251879163525","9.41947689512571","9.11004027227474","8.95760140202521","8.83510002650857","9.06630214618512","9.06804605513534",,,,
"Ingreso mediano y bajo","LMY","Tasa de mortalidad por suicidio (por cada 100 000 habitantes)","SH.STA.SUIC.P5",,,,,,,,,,,,,,,,,,,,,,,,,,,,,,,,,,,,,,,,,"12.7578529096655","12.1498805143379","11.7754436292978","11.6420793677202","11.6272872275253","11.5378664052672","11.108459795037","10.781730767136","10.5857069611968","10.2435773486954","10.0500395971604","9.80762203749358","9.48390288501587","9.18816476337141","8.9138655479549","8.64784803785936","8.56146376290864","8.42022202000835","8.49329206541062","8.41706641197298",,,,
"Lesotho","LSO","Tasa de mortalidad por suicidio (por cada 100 000 habitantes)","SH.STA.SUIC.P5",,,,,,,,,,,,,,,,,,,,,,,,,,,,,,,,,,,,,,,,,"28.6","27.3","29.2","31.9","33.5","33.6","40.3","45","57.8","63.3","65.4","69.5","79.1","87.6","92.6","92.4","87","78.3","76.6","72.4",,,,
"avanzada del dividendo demográfico","LTE","Tasa de mortalidad por suicidio (por cada 100 000 habitantes)","SH.STA.SUIC.P5",,,,,,,,,,,,,,,,,,,,,,,,,,,,,,,,,,,,,,,,,"15.601891938751","14.5291088312981","14.0334377205087","14.2874668994948","14.4776648095737","14.1930802124516","13.2195641667306","12.6059352936866","12.2822225299498","11.9390737347757","11.5515727453714","10.9751712550787","10.5014458203922","10.1248533912762","9.96090100743882","9.67560782483338","9.62494868434228","9.35330111255342","9.29920246585774","9.122998765038",,,,
"Lituania","LTU","Tasa de mortalidad por suicidio (por cada 100 000 habitantes)","SH.STA.SUIC.P5",,,,,,,,,,,,,,,,,,,,,,,,,,,,,,,,,,,,,,,,,"50.1","47.1","47","45.4","43.3","42.7","35.2","34.5","37.8","39.2","37.2","38.1","35","40.5","35.6","34.9","32.8","29.7","27.4","26.1",,,,
"Luxemburgo","LUX","Tasa de mortalidad por suicidio (por cada 100 000 habitantes)","SH.STA.SUIC.P5",,,,,,,,,,,,,,,,,,,,,,,,,,,,,,,,,,,,,,,,,"16.1","16.7","16.1","15.3","12.1","13.4","15.2","14","13.4","11.3","12","11.9","11.3","11.3","12.7","12.2","10.2","9.8","10.6","11.3",,,,
"Letonia","LVA","Tasa de mortalidad por suicidio (por cada 100 000 habitantes)","SH.STA.SUIC.P5",,,,,,,,,,,,,,,,,,,,,,,,,,,,,,,,,,,,,,,,,"34.7","32.2","31.5","29.1","26.8","26.5","23.2","20.9","26.4","26.3","22.5","22.7","23.5","20.6","20.7","21.6","21.3","21.4","18.1","20.1",,,,
"Región Administrativa Especial de Macao, China","MAC","Tasa de mortalidad por suicidio (por cada 100 000 habitantes)","SH.STA.SUIC.P5",,,,,,,,,,,,,,,,,,,,,,,,,,,,,,,,,,,,,,,,,,,,,,,,,,,,,,,,,,,,,,,,
"Isla de San Martín (parte francesa)","MAF","Tasa de mortalidad por suicidio (por cada 100 000 habitantes)","SH.STA.SUIC.P5",,,,,,,,,,,,,,,,,,,,,,,,,,,,,,,,,,,,,,,,,,,,,,,,,,,,,,,,,,,,,,,,
"Marruecos","MAR","Tasa de mortalidad por suicidio (por cada 100 000 habitantes)","SH.STA.SUIC.P5",,,,,,,,,,,,,,,,,,,,,,,,,,,,,,,,,,,,,,,,,"9.9","9.9","9.6","9.6","9.5","9.4","9.3","9.3","9.3","9.2","9.2","9.2","8.9","8","7.7","7.4","7.2","7.1","7.2","7.2",,,,
"Mónaco","MCO","Tasa de mortalidad por suicidio (por cada 100 000 habitantes)","SH.STA.SUIC.P5",,,,,,,,,,,,,,,,,,,,,,,,,,,,,,,,,,,,,,,,,,,,,,,,,,,,,,,,,,,,,,,,
"República de Moldova","MDA","Tasa de mortalidad por suicidio (por cada 100 000 habitantes)","SH.STA.SUIC.P5",,,,,,,,,,,,,,,,,,,,,,,,,,,,,,,,,,,,,,,,,"17.2","18.6","17.7","18.5","18.3","19.4","19.7","17.2","19.1","19.7","20.5","15.3","17","17","17.2","16.2","15.9","14.9","14.4","14.7",,,,
"Madagascar","MDG","Tasa de mortalidad por suicidio (por cada 100 000 habitantes)","SH.STA.SUIC.P5",,,,,,,,,,,,,,,,,,,,,,,,,,,,,,,,,,,,,,,,,"5.8","5.7","5.8","5.9","5.9","5.8","5.8","5.7","5.7","5.7","5.7","5.7","5.6","5.6","5.6","5.5","5.5","5.5","5.5","5.5",,,,
"Maldivas","MDV","Tasa de mortalidad por suicidio (por cada 100 000 habitantes)","SH.STA.SUIC.P5",,,,,,,,,,,,,,,,,,,,,,,,,,,,,,,,,,,,,,,,,"3.8","3.7","3.5","3.5","2.9","3","3.1","3","3.1","2.9","2.7","2.6","2.6","2.6","2.7","2.8","3.1","3.1","2.9","2.7",,,,
"Oriente Medio y Norte de África","MEA","Tasa de mortalidad por suicidio (por cada 100 000 habitantes)","SH.STA.SUIC.P5",,,,,,,,,,,,,,,,,,,,,,,,,,,,,,,,,,,,,,,,,"5.22773296254534","5.20089620509036","5.0744217642094","4.94058989400371","4.82048305820564","4.74234172842008","4.64251780325726","4.72853084378534","4.72395232246661","4.74862490508391","4.82499362068163","4.94903208452362","4.95117966761424","4.84213920599651","4.7707337375458","4.62666366127772","4.5527034888813","4.44182056035232","4.40999925683664","4.29200484348395",,,,
"México","MEX","Tasa de mortalidad por suicidio (por cada 100 000 habitantes)","SH.STA.SUIC.P5",,,,,,,,,,,,,,,,,,,,,,,,,,,,,,,,,,,,,,,,,"3.5","3.8","3.9","4","4","4.1","4","4.1","4.4","4.6","4.5","5.2","4.9","5.2","5.7","5.6","5.6","5.9","5.4","5.3",,,,
"Islas Marshall","MHL","Tasa de mortalidad por suicidio (por cada 100 000 habitantes)","SH.STA.SUIC.P5",,,,,,,,,,,,,,,,,,,,,,,,,,,,,,,,,,,,,,,,,,,,,,,,,,,,,,,,,,,,,,,,
" Ingreso mediano","MIC","Tasa de mortalidad por suicidio (por cada 100 000 habitantes)","SH.STA.SUIC.P5",,,,,,,,,,,,,,,,,,,,,,,,,,,,,,,,,,,,,,,,,"13.1434135378824","12.5123670774735","12.1289157506682","12.0035060685463","12.0035318436905","11.9196976140608","11.4674412285535","11.1317652386784","10.9298060379623","10.5603609088501","10.3639343341725","10.1143147553397","9.78006204907492","9.47186389194218","9.18757949480367","8.9054104895929","8.81895685970654","8.67516990532305","8.75974450677111","8.68103055066245",,,,
"Macedonia del Norte","MKD","Tasa de mortalidad por suicidio (por cada 100 000 habitantes)","SH.STA.SUIC.P5",,,,,,,,,,,,,,,,,,,,,,,,,,,,,,,,,,,,,,,,,"9.3","12.8","9.7","9.1","10.6","8.6","9.7","9.4","9.4","9.7","7.1","7.4","10","9.7","9.3","9.2","9.3","9.3","9.4","9.4",,,,
"Malí","MLI","Tasa de mortalidad por suicidio (por cada 100 000 habitantes)","SH.STA.SUIC.P5",,,,,,,,,,,,,,,,,,,,,,,,,,,,,,,,,,,,,,,,,"4.8","4.7","4.7","4.6","4.5","4.6","4.5","4.6","4.6","4.6","4.5","4.5","4.5","4.5","4.4","4.3","4.2","4.1","4.1","4.1",,,,
"Malta","MLT","Tasa de mortalidad por suicidio (por cada 100 000 habitantes)","SH.STA.SUIC.P5",,,,,,,,,,,,,,,,,,,,,,,,,,,,,,,,,,,,,,,,,"6.8","7.2","5.7","5.4","5.9","5.6","6.8","5.5","6.4","6.9","7.5","6.8","6","6.8","7.1","7.2","5.8","5.5","6","6.1",,,,
"Myanmar","MMR","Tasa de mortalidad por suicidio (por cada 100 000 habitantes)","SH.STA.SUIC.P5",,,,,,,,,,,,,,,,,,,,,,,,,,,,,,,,,,,,,,,,,"4.7","4.4","4.4","4.3","4.2","4.1","4.1","3.9","3.6","3.6","3.5","3.4","3.3","3.3","3.2","3.2","3.2","3","2.9","2.9",,,,
"Oriente Medio y Norte de África (excluido altos ingresos)","MNA","Tasa de mortalidad por suicidio (por cada 100 000 habitantes)","SH.STA.SUIC.P5",,,,,,,,,,,,,,,,,,,,,,,,,,,,,,,,,,,,,,,,,"5.30439098925824","5.27074310688799","5.14030226063317","4.97362608351742","4.84867335363106","4.71922806289978","4.5969283681795","4.65674574092929","4.60553136994145","4.57799366050106","4.60698984416178","4.73616778524336","4.7231453349461","4.6232133189287","4.54760923637918","4.43256249269677","4.34597095675205","4.23556938916417","4.18720067263939","4.04639796217278",,,,
"Montenegro","MNE","Tasa de mortalidad por suicidio (por cada 100 000 habitantes)","SH.STA.SUIC.P5",,,,,,,,,,,,,,,,,,,,,,,,,,,,,,,,,,,,,,,,,"20.8","19.9","20.2","20.9","21.2","21.7","22.3","21","20.9","20.9","20.3","20.9","21","20.4","20.6","20.7","20.8","21.1","21.2","21",,,,
"Mongolia","MNG","Tasa de mortalidad por suicidio (por cada 100 000 habitantes)","SH.STA.SUIC.P5",,,,,,,,,,,,,,,,,,,,,,,,,,,,,,,,,,,,,,,,,"22","22.3","21.7","23.1","23.7","24","23.7","23.6","23.8","23.6","23.4","22.7","21.7","21","20","20","20.1","19.2","18.6","17.9",,,,
"Mariana","MNP","Tasa de mortalidad por suicidio (por cada 100 000 habitantes)","SH.STA.SUIC.P5",,,,,,,,,,,,,,,,,,,,,,,,,,,,,,,,,,,,,,,,,,,,,,,,,,,,,,,,,,,,,,,,
"Mozambique","MOZ","Tasa de mortalidad por suicidio (por cada 100 000 habitantes)","SH.STA.SUIC.P5",,,,,,,,,,,,,,,,,,,,,,,,,,,,,,,,,,,,,,,,,"12.5","12.4","12.3","12.3","12.4","12.6","12.6","12.6","13.5","14.5","14.9","15.3","15.7","15.3","14.4","13.9","13.6","13.4","13.5","13.6",,,,
"Mauritania","MRT","Tasa de mortalidad por suicidio (por cada 100 000 habitantes)","SH.STA.SUIC.P5",,,,,,,,,,,,,,,,,,,,,,,,,,,,,,,,,,,,,,,,,"3.5","3.4","3.4","3.3","3.3","3.2","3.2","3.2","3.1","3.1","3.1","3","3.1","3.1","3.1","3","3","3.1","3.1","3.1",,,,
"Mauricio","MUS","Tasa de mortalidad por suicidio (por cada 100 000 habitantes)","SH.STA.SUIC.P5",,,,,,,,,,,,,,,,,,,,,,,,,,,,,,,,,,,,,,,,,"11.8","10.1","11.3","7.7","8.2","9","9.2","10.3","6.7","9.1","7.8","9","9.6","8.2","10.2","7.9","8.1","9.6","8.7","9.5",,,,
"Malawi","MWI","Tasa de mortalidad por suicidio (por cada 100 000 habitantes)","SH.STA.SUIC.P5",,,,,,,,,,,,,,,,,,,,,,,,,,,,,,,,,,,,,,,,,"10.8","9.8","8.8","8.2","7.8","7.2","7.5","7.8","7.6","8","8.2","7.3","6.8","6.4","6.3","6.2","6.1","5.9","5.6","5.4",,,,
"Malasia","MYS","Tasa de mortalidad por suicidio (por cada 100 000 habitantes)","SH.STA.SUIC.P5",,,,,,,,,,,,,,,,,,,,,,,,,,,,,,,,,,,,,,,,,"4.7","4.5","4.5","4.7","4.7","4.6","4.5","4.4","4.5","4.6","4.5","4.6","4.6","4.4","4.6","4.8","5.1","5.4","5.4","5.7",,,,
"América del Norte","NAC","Tasa de mortalidad por suicidio (por cada 100 000 habitantes)","SH.STA.SUIC.P5",,,,,,,,,,,,,,,,,,,,,,,,,,,,,,,,,,,,,,,,,"11.0882765577949","11.4785364499848","11.8098311996674","11.7688443965692","11.8803288356915","11.9295128005598","12.0114248061419","12.3114087694636","12.5817323371143","12.7209662676566","13.000956258576","13.1915356058525","13.3307069667749","13.3601249364287","13.8697977066911","14.2597693735794","14.7782951198771","15.6069650321006","15.3231393966292","15.6581538373569",,,,
"Namibia","NAM","Tasa de mortalidad por suicidio (por cada 100 000 habitantes)","SH.STA.SUIC.P5",,,,,,,,,,,,,,,,,,,,,,,,,,,,,,,,,,,,,,,,,"19.3","18.8","18.7","18.2","16.7","17.8","17.7","17.3","14.1","13.1","12.9","11.4","10.2","10.2","10.9","11.6","10.7","10.9","9.9","9.7",,,,
"Nueva Caledonia","NCL","Tasa de mortalidad por suicidio (por cada 100 000 habitantes)","SH.STA.SUIC.P5",,,,,,,,,,,,,,,,,,,,,,,,,,,,,,,,,,,,,,,,,,,,,,,,,,,,,,,,,,,,,,,,
"Níger","NER","Tasa de mortalidad por suicidio (por cada 100 000 habitantes)","SH.STA.SUIC.P5",,,,,,,,,,,,,,,,,,,,,,,,,,,,,,,,,,,,,,,,,"5","5.1","5.1","5.2","5.1","5.3","5.2","5.3","5.2","5.3","5.3","5.4","5.5","5.5","5.5","5.4","5.3","5.3","5.3","5.3",,,,
"Nigeria","NGA","Tasa de mortalidad por suicidio (por cada 100 000 habitantes)","SH.STA.SUIC.P5",,,,,,,,,,,,,,,,,,,,,,,,,,,,,,,,,,,,,,,,,"4.9","4.9","4.8","4.8","4.8","4.8","4.7","4.7","4.6","4.5","4.4","4.4","4.2","4.1","3.9","3.7","3.7","3.6","3.5","3.5",,,,
"Nicaragua","NIC","Tasa de mortalidad por suicidio (por cada 100 000 habitantes)","SH.STA.SUIC.P5",,,,,,,,,,,,,,,,,,,,,,,,,,,,,,,,,,,,,,,,,"5.5","5.2","5","5.6","5.4","5.2","4.6","4.9","5.1","5","4.8","5.5","4.4","5.3","4.5","4.2","4.4","4.4","4.5","4.4",,,,
"Países Bajos","NLD","Tasa de mortalidad por suicidio (por cada 100 000 habitantes)","SH.STA.SUIC.P5",,,,,,,,,,,,,,,,,,,,,,,,,,,,,,,,,,,,,,,,,"9.6","9.6","10","9.6","9.7","9.8","9.6","8.4","9","9.5","9.8","10.1","10.7","11.8","11.6","11.8","11.9","12.1","11.4","11.8",,,,
"Noruega","NOR","Tasa de mortalidad por suicidio (por cada 100 000 habitantes)","SH.STA.SUIC.P5",,,,,,,,,,,,,,,,,,,,,,,,,,,,,,,,,,,,,,,,,"13.9","14.2","12.1","11.8","12.8","12.4","12.8","11.8","11.8","13","12.4","13.3","11.4","11.8","11.6","12.5","12.6","12.1","12","11.8",,,,
"Nepal","NPL","Tasa de mortalidad por suicidio (por cada 100 000 habitantes)","SH.STA.SUIC.P5",,,,,,,,,,,,,,,,,,,,,,,,,,,,,,,,,,,,,,,,,"8.5","8.1","8","7.8","7.7","7.9","7.7","8","8.3","8.5","8.7","8.9","8.9","8.7","8.5","8.5","8.5","8.7","8.8","9",,,,
"Nauru","NRU","Tasa de mortalidad por suicidio (por cada 100 000 habitantes)","SH.STA.SUIC.P5",,,,,,,,,,,,,,,,,,,,,,,,,,,,,,,,,,,,,,,,,,,,,,,,,,,,,,,,,,,,,,,,
"Nueva Zelandia","NZL","Tasa de mortalidad por suicidio (por cada 100 000 habitantes)","SH.STA.SUIC.P5",,,,,,,,,,,,,,,,,,,,,,,,,,,,,,,,,,,,,,,,,"12.5","13.9","12.5","13.7","12.6","12.9","13.1","12.3","12.4","11.5","12.6","11.4","12.7","12.2","11.3","11.7","12.2","12.7","11.4","11",,,,
"Miembros OCDE","OED","Tasa de mortalidad por suicidio (por cada 100 000 habitantes)","SH.STA.SUIC.P5",,,,,,,,,,,,,,,,,,,,,,,,,,,,,,,,,,,,,,,,,"12.5472395429","12.4709032452255","12.7134928472261","13.001709354346","12.8033264334292","12.7292939761768","12.3867519719307","12.5009309894516","12.7685846987984","13.1772351216092","13.0377330703431","13.0891716019336","12.7626554568767","12.7672504389949","12.611564913711","12.4832488054688","12.2157051397219","12.3509178406889","12.1642241822766","11.9683806355299",,,,
"Omán","OMN","Tasa de mortalidad por suicidio (por cada 100 000 habitantes)","SH.STA.SUIC.P5",,,,,,,,,,,,,,,,,,,,,,,,,,,,,,,,,,,,,,,,,"6.2","6.2","5.9","6.1","5.9","6","6.5","6.8","6.8","6.5","6.7","6.1","5.4","5.3","5.1","5","4.7","4.7","4.7","4.9",,,,
"Otros Estados pequeos","OSS","Tasa de mortalidad por suicidio (por cada 100 000 habitantes)","SH.STA.SUIC.P5",,,,,,,,,,,,,,,,,,,,,,,,,,,,,,,,,,,,,,,,,"15.6688208786495","15.493168056726","15.5430199805141","15.3043955303123","15.2753990652824","15.3559759238013","15.6880130775788","16.095108510801","16.5489010883867","16.6477379351725","16.1921070832391","16.0208136478348","16.5998186204233","16.6135519280745","16.7407331530268","16.1151613662702","15.3167762605849","14.5896627922301","14.1115376012366","13.6569324161649",,,,
"Pakistán","PAK","Tasa de mortalidad por suicidio (por cada 100 000 habitantes)","SH.STA.SUIC.P5",,,,,,,,,,,,,,,,,,,,,,,,,,,,,,,,,,,,,,,,,"8.8","8.9","9.1","9.1","9.2","9","9.2","9.1","9","8.8","8.8","8.7","8.8","8.9","8.9","9","9.1","9.1","8.9","8.9",,,,
"Panamá","PAN","Tasa de mortalidad por suicidio (por cada 100 000 habitantes)","SH.STA.SUIC.P5",,,,,,,,,,,,,,,,,,,,,,,,,,,,,,,,,,,,,,,,,"5.4","5.7","5.3","5.9","5.8","5","5.7","4.9","5.4","4.8","4.2","3.8","3.6","3.4","4.1","2.9","3.3","3.2","2.9","2.9",,,,
"Perú","PER","Tasa de mortalidad por suicidio (por cada 100 000 habitantes)","SH.STA.SUIC.P5",,,,,,,,,,,,,,,,,,,,,,,,,,,,,,,,,,,,,,,,,"3.1","2.9","2.9","3","2.8","2.7","2.7","2.6","2.7","3.3","3.5","3.3","3.2","3.1","2.9","2.7","2.6","2.7","2.8","2.8",,,,
"Filipinas","PHL","Tasa de mortalidad por suicidio (por cada 100 000 habitantes)","SH.STA.SUIC.P5",,,,,,,,,,,,,,,,,,,,,,,,,,,,,,,,,,,,,,,,,"1.8","1.5","1.7","1.8","1.8","1.9","2","1.9","2","2.3","2.4","2.7","2.4","2.4","2.3","2.3","2.2","2.2","2.2","2.2",,,,
"Palau","PLW","Tasa de mortalidad por suicidio (por cada 100 000 habitantes)","SH.STA.SUIC.P5",,,,,,,,,,,,,,,,,,,,,,,,,,,,,,,,,,,,,,,,,,,,,,,,,,,,,,,,,,,,,,,,
"Papua Nueva Guinea","PNG","Tasa de mortalidad por suicidio (por cada 100 000 habitantes)","SH.STA.SUIC.P5",,,,,,,,,,,,,,,,,,,,,,,,,,,,,,,,,,,,,,,,,"2.1","2.3","2.3","2.4","2.4","2.4","2.4","2.5","2.5","2.4","2.6","2.6","2.7","2.7","2.9","3","3","2.8","2.9","3",,,,
"Polonia","POL","Tasa de mortalidad por suicidio (por cada 100 000 habitantes)","SH.STA.SUIC.P5",,,,,,,,,,,,,,,,,,,,,,,,,,,,,,,,,,,,,,,,,"17","17.2","17.3","17","17.6","17.7","17.1","15.7","17","19.2","18.6","18","18.5","18.2","17.4","15.9","13.8","13.3","12.7","11.3",,,,
"previa al dividendo demográfico","PRE","Tasa de mortalidad por suicidio (por cada 100 000 habitantes)","SH.STA.SUIC.P5",,,,,,,,,,,,,,,,,,,,,,,,,,,,,,,,,,,,,,,,,"7.43457133056089","7.17994643916889","6.97939125614988","6.88062753772542","6.79264082122157","6.74488708719917","6.72287701995412","6.58029385337287","6.48334896531202","6.46575075861841","6.41101329431028","6.35508035233149","6.2185124947571","6.12335573905264","5.91510445632058","5.76726917888524","5.68443036149131","5.61756918761185","5.59823062791483","5.58702073726442",,,,
"Puerto Rico","PRI","Tasa de mortalidad por suicidio (por cada 100 000 habitantes)","SH.STA.SUIC.P5",,,,,,,,,,,,,,,,,,,,,,,,,,,,,,,,,,,,,,,,,,,,,,,,,,,,,,,,,,,,,,,,
"Corea, República Popular Democrática de","PRK","Tasa de mortalidad por suicidio (por cada 100 000 habitantes)","SH.STA.SUIC.P5",,,,,,,,,,,,,,,,,,,,,,,,,,,,,,,,,,,,,,,,,"9.8","9.5","9.5","9.2","9","8.9","8.9","9","9.4","9.4","9.5","9.7","9.7","9.9","10","10.5","10.4","9.8","9.3","9.4",,,,
"Portugal","PRT","Tasa de mortalidad por suicidio (por cada 100 000 habitantes)","SH.STA.SUIC.P5",,,,,,,,,,,,,,,,,,,,,,,,,,,,,,,,,,,,,,,,,"7.6","8.8","12.5","11.9","10.6","11.4","11.5","12.6","13.1","13.1","13.6","12.3","13.5","12.5","14.2","13.2","11.4","12","11.7","11.5",,,,
"Paraguay","PRY","Tasa de mortalidad por suicidio (por cada 100 000 habitantes)","SH.STA.SUIC.P5",,,,,,,,,,,,,,,,,,,,,,,,,,,,,,,,,,,,,,,,,"3.1","3.1","3.6","3.4","4.2","4.4","4.2","3.8","3.6","4.4","3.5","4.6","4.6","4.9","5.9","5.7","5.3","6.1","6","6",,,,
"Ribera Occidental y Gaza","PSE","Tasa de mortalidad por suicidio (por cada 100 000 habitantes)","SH.STA.SUIC.P5",,,,,,,,,,,,,,,,,,,,,,,,,,,,,,,,,,,,,,,,,,,,,,,,,,,,,,,,,,,,,,,,
"Estados pequeos de las Islas del Pacfico","PSS","Tasa de mortalidad por suicidio (por cada 100 000 habitantes)","SH.STA.SUIC.P5",,,,,,,,,,,,,,,,,,,,,,,,,,,,,,,,,,,,,,,,,"13.9511890310948","13.7533099014806","13.6174039673569","13.4494438536956","13.1252359051544","13.2636112613332","13.2537882548071","13.6530038578821","13.8981450581143","13.8944020605665","13.9891796542147","14.0800621898894","14.1451208452736","14.0855616833457","13.9275355101427","13.8592019332582","13.8194050764335","13.8520388412707","13.7231706844079","13.628152116157",,,,
"posterior al dividendo demográfico","PST","Tasa de mortalidad por suicidio (por cada 100 000 habitantes)","SH.STA.SUIC.P5",,,,,,,,,,,,,,,,,,,,,,,,,,,,,,,,,,,,,,,,,"15.783238853446","15.5588319881729","15.8508259847487","16.0960556015242","15.8132108478944","15.7564999117851","15.22566589244","15.3972772775398","15.6053575323191","15.7841063515212","15.6240603480997","15.5953927748126","15.2097311848501","15.1740214690341","15.0259181313143","14.8072950489183","14.5286958739413","14.6583007927005","14.6134387306565","14.423111788128",,,,
"Polinesia Francesa","PYF","Tasa de mortalidad por suicidio (por cada 100 000 habitantes)","SH.STA.SUIC.P5",,,,,,,,,,,,,,,,,,,,,,,,,,,,,,,,,,,,,,,,,,,,,,,,,,,,,,,,,,,,,,,,
"Qatar","QAT","Tasa de mortalidad por suicidio (por cada 100 000 habitantes)","SH.STA.SUIC.P5",,,,,,,,,,,,,,,,,,,,,,,,,,,,,,,,,,,,,,,,,"7.8","8","7.8","7.4","7.2","6.8","6.8","8.4","8.3","8.4","8.2","8","7.4","6.7","6.3","6.1","6.1","5.8","5.8","5.8",,,,
"Rumania","ROU","Tasa de mortalidad por suicidio (por cada 100 000 habitantes)","SH.STA.SUIC.P5",,,,,,,,,,,,,,,,,,,,,,,,,,,,,,,,,,,,,,,,,"12.9","12.3","14.2","13.5","12.7","12.3","12.9","11.6","11.7","12.2","13.2","12.1","12.6","12.2","11.3","11.5","10.2","10.1","10.2","9.7",,,,
"Federación de Rusia","RUS","Tasa de mortalidad por suicidio (por cada 100 000 habitantes)","SH.STA.SUIC.P5",,,,,,,,,,,,,,,,,,,,,,,,,,,,,,,,,,,,,,,,,"53.8","52.4","52","51.6","50.1","49.8","44.8","41.7","40.7","38.4","38.1","35.9","34.4","33.5","33.8","32","31","28.2","27.1","25.1",,,,
"Rwanda","RWA","Tasa de mortalidad por suicidio (por cada 100 000 habitantes)","SH.STA.SUIC.P5",,,,,,,,,,,,,,,,,,,,,,,,,,,,,,,,,,,,,,,,,"15.8","14","12.5","11","9.6","8.8","8.4","8","7.5","7","6.6","6.2","6","5.8","5.8","5.7","5.7","5.6","5.6","5.6",,,,
"Asia meridional","SAS","Tasa de mortalidad por suicidio (por cada 100 000 habitantes)","SH.STA.SUIC.P5",,,,,,,,,,,,,,,,,,,,,,,,,,,,,,,,,,,,,,,,,"14.8954777993663","14.4985933196775","14.0844053826159","13.4501864656349","13.3719794953418","13.6595734193631","13.6260430328221","13.4056401225398","13.1965860722487","12.7779015930999","12.8217945423744","12.7934997008282","12.4570331754689","11.9796431089533","11.274424664102","10.9279415459876","10.7848103061774","10.7159925180779","11.1425422464587","11.2213911776361",,,,
"Arabia Saudita","SAU","Tasa de mortalidad por suicidio (por cada 100 000 habitantes)","SH.STA.SUIC.P5",,,,,,,,,,,,,,,,,,,,,,,,,,,,,,,,,,,,,,,,,"3.2","3.3","3.4","3.5","3.4","3.7","4","4.3","4.6","5","5.5","6.1","6.4","6.5","6.6","6.3","6.3","6.2","6.1","6",,,,
"Sudán","SDN","Tasa de mortalidad por suicidio (por cada 100 000 habitantes)","SH.STA.SUIC.P5",,,,,,,,,,,,,,,,,,,,,,,,,,,,,,,,,,,,,,,,,"4.3","4.2","4.2","4.1","4.1","4.2","4.1","4.1","4.1","4.1","4","4.1","4","4","3.9","3.9","3.9","3.8","3.9","3.8",,,,
"Senegal","SEN","Tasa de mortalidad por suicidio (por cada 100 000 habitantes)","SH.STA.SUIC.P5",,,,,,,,,,,,,,,,,,,,,,,,,,,,,,,,,,,,,,,,,"7.8","7.6","7.5","7.4","7.3","7.2","7","6.7","6.8","6.7","6.6","6.5","6.5","6.5","6.5","6.4","6.3","6.2","6.1","6",,,,
"Singapur","SGP","Tasa de mortalidad por suicidio (por cada 100 000 habitantes)","SH.STA.SUIC.P5",,,,,,,,,,,,,,,,,,,,,,,,,,,,,,,,,,,,,,,,,"12.4","11.3","12.4","12.1","11.7","11.2","11.7","10.7","10.4","10.5","9.9","9.6","11.3","10.3","10.2","9","9.1","9","9.4","11.2",,,,
"Islas Salomón","SLB","Tasa de mortalidad por suicidio (por cada 100 000 habitantes)","SH.STA.SUIC.P5",,,,,,,,,,,,,,,,,,,,,,,,,,,,,,,,,,,,,,,,,"14.4","14.1","14.3","14.6","13.8","14","14.1","15.2","15.8","15.8","15.7","15.7","15.6","15.4","15.3","15.2","15.1","15.1","15","14.7",,,,
"Sierra Leona","SLE","Tasa de mortalidad por suicidio (por cada 100 000 habitantes)","SH.STA.SUIC.P5",,,,,,,,,,,,,,,,,,,,,,,,,,,,,,,,,,,,,,,,,"5.7","5.9","6","6.1","6.1","6","6.5","6.4","6.5","6.6","6.8","6.5","6.6","6.3","6.2","5.9","6.2","6.3","6.6","6.7",,,,
"El Salvador","SLV","Tasa de mortalidad por suicidio (por cada 100 000 habitantes)","SH.STA.SUIC.P5",,,,,,,,,,,,,,,,,,,,,,,,,,,,,,,,,,,,,,,,,"6.2","6.8","5.3","6.5","6.8","7.8","6.6","7.9","6.8","8.6","6.1","8","6.8","6.4","5.8","6.9","5.7","6.1","6","6.1",,,,
"San Marino","SMR","Tasa de mortalidad por suicidio (por cada 100 000 habitantes)","SH.STA.SUIC.P5",,,,,,,,,,,,,,,,,,,,,,,,,,,,,,,,,,,,,,,,,,,,,,,,,,,,,,,,,,,,,,,,
"Somalia","SOM","Tasa de mortalidad por suicidio (por cada 100 000 habitantes)","SH.STA.SUIC.P5",,,,,,,,,,,,,,,,,,,,,,,,,,,,,,,,,,,,,,,,,"9.1","8.9","8.9","8.9","9.1","8.9","8.7","8.4","8.5","8.5","8.2","8.1","8.1","8.1","8.1","8","7.9","8","8","7.9",,,,
"Serbia","SRB","Tasa de mortalidad por suicidio (por cada 100 000 habitantes)","SH.STA.SUIC.P5",,,,,,,,,,,,,,,,,,,,,,,,,,,,,,,,,,,,,,,,,"23.1","21.8","22.4","21.2","21.3","20.1","19.5","18.7","18","19.5","17.2","18","18.2","17.9","17","16.4","15.2","0.6","11.3","11.4",,,,
"África al sur del Sahara (excluido altos ingresos)","SSA","Tasa de mortalidad por suicidio (por cada 100 000 habitantes)","SH.STA.SUIC.P5",,,,,,,,,,,,,,,,,,,,,,,,,,,,,,,,,,,,,,,,,"9.2810152264455","9.02039987401767","8.89043412881793","8.79725815559567","8.64532590798542","8.55501877381497","8.45436587221681","8.42342268911956","8.5085028009877","8.4809191512861","8.23754916845107","7.98219072355934","7.82182515492359","7.7145108456631","7.52611282026249","7.38958938043737","7.25588503945604","7.15281729763679","7.03264336538377","6.96974141039568",,,,
"Sudán del Sur","SSD","Tasa de mortalidad por suicidio (por cada 100 000 habitantes)","SH.STA.SUIC.P5",,,,,,,,,,,,,,,,,,,,,,,,,,,,,,,,,,,,,,,,,"4.3","4","3.9","3.9","3.9","3.9","3.9","3.9","3.8","3.7","3.7","3.6","3.7","3.6","3.5","3.6","3.7","3.7","3.8","3.9",,,,
"África al sur del Sahara","SSF","Tasa de mortalidad por suicidio (por cada 100 000 habitantes)","SH.STA.SUIC.P5",,,,,,,,,,,,,,,,,,,,,,,,,,,,,,,,,,,,,,,,,"9.28100543394838","9.02042103579068","8.89039976928428","8.79728124793057","8.645398233318","8.55500202687515","8.45432783266295","8.42333624907469","8.50842880938606","8.48081910021588","8.23750452318615","7.9821827759967","7.82181357933446","7.71450947906215","7.52614762182019","7.3896459126249","7.25595303170129","7.1529206447123","7.03274676647482","6.9698397935158",,,,
"Pequeños Estados","SST","Tasa de mortalidad por suicidio (por cada 100 000 habitantes)","SH.STA.SUIC.P5",,,,,,,,,,,,,,,,,,,,,,,,,,,,,,,,,,,,,,,,,"14.3772213193596","14.3480406092859","14.326353836411","14.032510395472","13.9686075388164","14.0014538725797","14.1922713191629","14.5461483474069","15.0126095243469","15.0766313080535","14.7710183178783","14.5962008471822","15.081035350678","15.1968114460912","15.2762645686447","14.8180138264156","14.2052001294099","13.6833417332635","13.3458870682622","13.0234102951932",,,,
"Santo Tomé y Príncipe","STP","Tasa de mortalidad por suicidio (por cada 100 000 habitantes)","SH.STA.SUIC.P5",,,,,,,,,,,,,,,,,,,,,,,,,,,,,,,,,,,,,,,,,"1.4","1.5","1.6","1.3","1.5","1.3","1.5","1.6","1.6","1.5","1.5","1.4","1.5","1.5","1.5","1.5","1.5","1.5","1.5","1.5",,,,
"Suriname","SUR","Tasa de mortalidad por suicidio (por cada 100 000 habitantes)","SH.STA.SUIC.P5",,,,,,,,,,,,,,,,,,,,,,,,,,,,,,,,,,,,,,,,,"21.5","24.2","24.4","24.3","23.6","24.2","24.6","24.5","24.5","24.4","25.5","24.3","25.2","25.1","24.7","24.8","24.4","24.5","25.5","25.4",,,,
"República Eslovaca","SVK","Tasa de mortalidad por suicidio (por cada 100 000 habitantes)","SH.STA.SUIC.P5",,,,,,,,,,,,,,,,,,,,,,,,,,,,,,,,,,,,,,,,,"14.2","13.9","14.6","15","13.9","13.7","14.5","14","12.7","13.1","13.6","12.9","12.6","12.3","12.9","12.4","12.3","12.3","12.2","12.1",,,,
"Eslovenia","SVN","Tasa de mortalidad por suicidio (por cada 100 000 habitantes)","SH.STA.SUIC.P5",,,,,,,,,,,,,,,,,,,,,,,,,,,,,,,,,,,,,,,,,"32","30.9","29.1","29.7","28.7","26.8","27.9","22.9","20.6","22.5","20.7","21.6","22","22.2","19.6","21","19","20.9","17.8","19.8",,,,
"Suecia","SWE","Tasa de mortalidad por suicidio (por cada 100 000 habitantes)","SH.STA.SUIC.P5",,,,,,,,,,,,,,,,,,,,,,,,,,,,,,,,,,,,,,,,,"15.1","16","15.5","14.4","14.8","15.7","15","14.5","15","15.7","14.7","14.2","15","15.9","14.8","15.7","14.6","15","14.9","14.7",,,,
"Eswatini","SWZ","Tasa de mortalidad por suicidio (por cada 100 000 habitantes)","SH.STA.SUIC.P5",,,,,,,,,,,,,,,,,,,,,,,,,,,,,,,,,,,,,,,,,"28.4","32.2","37.2","40.5","42.4","43.9","47.3","53.9","55","54.2","50.4","47","47.6","44.6","39.2","35.1","32.8","30.4","28.5","29.4",,,,
"Sint Maarten (Dutch part)","SXM","Tasa de mortalidad por suicidio (por cada 100 000 habitantes)","SH.STA.SUIC.P5",,,,,,,,,,,,,,,,,,,,,,,,,,,,,,,,,,,,,,,,,,,,,,,,,,,,,,,,,,,,,,,,
"Seychelles","SYC","Tasa de mortalidad por suicidio (por cada 100 000 habitantes)","SH.STA.SUIC.P5",,,,,,,,,,,,,,,,,,,,,,,,,,,,,,,,,,,,,,,,,"9.2","9.2","8.6","9","9.3","8.4","8.1","7.6","7.8","7.5","7.8","7.9","7.7","7.7","7.9","8","8","8.3","8.2","8.1",,,,
"República Árabe Siria","SYR","Tasa de mortalidad por suicidio (por cada 100 000 habitantes)","SH.STA.SUIC.P5",,,,,,,,,,,,,,,,,,,,,,,,,,,,,,,,,,,,,,,,,"1.5","1.4","1.4","1.3","1.4","1.4","1.4","1.4","1.4","1.4","1.5","1.5","1.6","1.8","1.8","1.7","1.6","1.8","1.9","2",,,,
"Islas Turcas y Caicos","TCA","Tasa de mortalidad por suicidio (por cada 100 000 habitantes)","SH.STA.SUIC.P5",,,,,,,,,,,,,,,,,,,,,,,,,,,,,,,,,,,,,,,,,,,,,,,,,,,,,,,,,,,,,,,,
"Chad","TCD","Tasa de mortalidad por suicidio (por cada 100 000 habitantes)","SH.STA.SUIC.P5",,,,,,,,,,,,,,,,,,,,,,,,,,,,,,,,,,,,,,,,,"7.8","7.8","7.7","7.8","7.5","7.5","7.5","7.7","7.5","7.6","7.7","7.7","7.6","7.4","7.1","6.8","6.7","6.7","6.6","6.4",,,,
"Asia oriental y el Pacífico (BIRF y la AIF)","TEA","Tasa de mortalidad por suicidio (por cada 100 000 habitantes)","SH.STA.SUIC.P5",,,,,,,,,,,,,,,,,,,,,,,,,,,,,,,,,,,,,,,,,"11.54120009305","10.4684188918393","9.96116994464687","10.3497741391003","10.6845759524757","10.3195289129697","9.7372439005786","9.29146400907461","8.98545011997771","8.69419578639998","8.33449876485713","7.92945298106989","7.48363486268572","7.18951828815814","7.04219262899083","6.84661092625586","6.92557459193806","6.84517763042283","6.84409584368867","6.835739835009",,,,
"Europa y Asia central (BIRF y la AIF)","TEC","Tasa de mortalidad por suicidio (por cada 100 000 habitantes)","SH.STA.SUIC.P5",,,,,,,,,,,,,,,,,,,,,,,,,,,,,,,,,,,,,,,,,"29.9857142013721","29.0808179302926","28.8015056582066","28.1939480982082","27.5046584756533","27.3055703419676","25.0824976038911","23.7018982515932","23.2110315790711","21.9258232310257","21.4859778105385","20.3306784336632","19.7727900116256","19.1999375488502","19.2009248047434","18.0692140111276","17.3275407342836","15.9234124986969","15.657376283705","14.6943018600592",,,,
"Togo","TGO","Tasa de mortalidad por suicidio (por cada 100 000 habitantes)","SH.STA.SUIC.P5",,,,,,,,,,,,,,,,,,,,,,,,,,,,,,,,,,,,,,,,,"10","10.3","10.4","10.7","10.8","10.7","11","10.9","10.8","10.5","10.4","10.4","10.4","10.3","10.1","9.7","9.3","9","8.7","8.8",,,,
"Tailandia","THA","Tasa de mortalidad por suicidio (por cada 100 000 habitantes)","SH.STA.SUIC.P5",,,,,,,,,,,,,,,,,,,,,,,,,,,,,,,,,,,,,,,,,"12","10.9","11","10.7","10.5","9.1","8.9","8.4","8.1","8","8.1","8","7.9","7.5","7.8","8","8.5","8.4","8.8","8.8",,,,
"Tayikistán","TJK","Tasa de mortalidad por suicidio (por cada 100 000 habitantes)","SH.STA.SUIC.P5",,,,,,,,,,,,,,,,,,,,,,,,,,,,,,,,,,,,,,,,,"3.8","3.6","3.5","3.4","3.5","3.6","3.6","3.7","3.8","3.9","4","4","4.1","4","4.1","4.1","4.3","4.2","4.2","4.3",,,,
"Turkmenistán","TKM","Tasa de mortalidad por suicidio (por cada 100 000 habitantes)","SH.STA.SUIC.P5",,,,,,,,,,,,,,,,,,,,,,,,,,,,,,,,,,,,,,,,,"12.5","13.5","14.1","14.3","14.3","15.1","15.1","13.2","11.4","9.4","8.5","7.6","7.1","7.1","6.8","6.3","6.2","5.8","5.7","5.7",,,,
"América Latina y el Caribe (BIRF y la AIF)","TLA","Tasa de mortalidad por suicidio (por cada 100 000 habitantes)","SH.STA.SUIC.P5",,,,,,,,,,,,,,,,,,,,,,,,,,,,,,,,,,,,,,,,,"5.10484142140471","5.39308482518193","5.40150067233055","5.34423925346406","5.2966791976856","5.39228589601658","5.3350107645074","5.37266649951939","5.54950756618404","5.61195296310411","5.48542459332383","5.68530516841729","5.68217861601249","5.69072976329134","5.81309414135153","5.88142784555293","5.89364491312818","6.2085041136536","6.18264917016055","6.05423398023685",,,,
"Timor-Leste","TLS","Tasa de mortalidad por suicidio (por cada 100 000 habitantes)","SH.STA.SUIC.P5",,,,,,,,,,,,,,,,,,,,,,,,,,,,,,,,,,,,,,,,,"3.6","3.6","3.4","3.4","3.1","3","2.7","2.6","2.4","3.1","3","3.2","3.3","3.3","3.4","3.5","3.6","3.6","3.6","3.7",,,,
"Oriente Medio y Norte de África (BIRF y la AIF)","TMN","Tasa de mortalidad por suicidio (por cada 100 000 habitantes)","SH.STA.SUIC.P5",,,,,,,,,,,,,,,,,,,,,,,,,,,,,,,,,,,,,,,,,"5.30439098925824","5.27074310688799","5.14030226063317","4.97362608351742","4.84867335363106","4.71922806289978","4.5969283681795","4.65674574092929","4.60553136994145","4.57799366050106","4.60698984416178","4.73616778524336","4.7231453349461","4.6232133189287","4.54760923637918","4.43256249269677","4.34597095675205","4.23556938916417","4.18720067263939","4.04639796217278",,,,
"Tonga","TON","Tasa de mortalidad por suicidio (por cada 100 000 habitantes)","SH.STA.SUIC.P5",,,,,,,,,,,,,,,,,,,,,,,,,,,,,,,,,,,,,,,,,"4.2","4.2","4.2","4.2","4.2","4","4","4","3.9","4.3","4.6","4.5","4.5","4.6","4.6","4.6","4.1","4.2","4","3.8",,,,
"Asia meridional (BIRF y la AIF)","TSA","Tasa de mortalidad por suicidio (por cada 100 000 habitantes)","SH.STA.SUIC.P5",,,,,,,,,,,,,,,,,,,,,,,,,,,,,,,,,,,,,,,,,"14.8954777993663","14.4985933196775","14.0844053826159","13.4501864656349","13.3719794953418","13.6595734193631","13.6260430328221","13.4056401225398","13.1965860722487","12.7779015930999","12.8217945423744","12.7934997008282","12.4570331754689","11.9796431089533","11.274424664102","10.9279415459876","10.7848103061775","10.7159925180779","11.1425422464587","11.2213911776361",,,,
"África al sur del Sahara (BIRF y la AIF)","TSS","Tasa de mortalidad por suicidio (por cada 100 000 habitantes)","SH.STA.SUIC.P5",,,,,,,,,,,,,,,,,,,,,,,,,,,,,,,,,,,,,,,,,"9.28100543394838","9.02042103579068","8.89039976928428","8.79728124793057","8.645398233318","8.55500202687515","8.45432783266295","8.42333624907469","8.50842880938606","8.48081910021588","8.23750452318615","7.98218277599671","7.82181357933446","7.71450947906215","7.52614762182019","7.3896459126249","7.25595303170129","7.1529206447123","7.03274676647482","6.9698397935158",,,,
"Trinidad y Tobago","TTO","Tasa de mortalidad por suicidio (por cada 100 000 habitantes)","SH.STA.SUIC.P5",,,,,,,,,,,,,,,,,,,,,,,,,,,,,,,,,,,,,,,,,"16.3","16.3","15.3","13.4","13.1","12.7","11.3","11.2","13.7","11.2","11.3","9.9","9.5","10.9","10.5","10.2","9.8","9.5","9","8.7",,,,
"Túnez","TUN","Tasa de mortalidad por suicidio (por cada 100 000 habitantes)","SH.STA.SUIC.P5",,,,,,,,,,,,,,,,,,,,,,,,,,,,,,,,,,,,,,,,,"3.7","3.7","3.8","3.8","3.7","3.7","3.7","3.6","3.5","3.5","3.5","3.4","3.4","3.3","3.2","3.1","3.1","3.1","3.2","3.3",,,,
"Turquía","TUR","Tasa de mortalidad por suicidio (por cada 100 000 habitantes)","SH.STA.SUIC.P5",,,,,,,,,,,,,,,,,,,,,,,,,,,,,,,,,,,,,,,,,"4","3.6","3.2","3.1","3","2.8","2.7","2.5","2.4","2.4","2.4","2.2","2.2","2.3","2.3","2.3","2.3","2.3","2.3","2.4",,,,
"Tuvalu","TUV","Tasa de mortalidad por suicidio (por cada 100 000 habitantes)","SH.STA.SUIC.P5",,,,,,,,,,,,,,,,,,,,,,,,,,,,,,,,,,,,,,,,,,,,,,,,,,,,,,,,,,,,,,,,
"Tanzanía","TZA","Tasa de mortalidad por suicidio (por cada 100 000 habitantes)","SH.STA.SUIC.P5",,,,,,,,,,,,,,,,,,,,,,,,,,,,,,,,,,,,,,,,,"8.9","7.9","7","6.4","5.8","5.4","5.3","5.4","5.8","5.5","5","4.8","4.3","4.4","4.2","4.2","4.2","4.2","4.2","4.3",,,,
"Uganda","UGA","Tasa de mortalidad por suicidio (por cada 100 000 habitantes)","SH.STA.SUIC.P5",,,,,,,,,,,,,,,,,,,,,,,,,,,,,,,,,,,,,,,,,"10.2","9.8","9.4","9.4","9.5","9.7","9.4","8","7.1","6.8","6.3","6.3","5.7","5.2","4.8","4.7","4.7","4.4","4.4","4.6",,,,
"Ucrania","UKR","Tasa de mortalidad por suicidio (por cada 100 000 habitantes)","SH.STA.SUIC.P5",,,,,,,,,,,,,,,,,,,,,,,,,,,,,,,,,,,,,,,,,"39.1","36.7","36","34.5","33.8","33.8","30.8","31.5","30.9","26.3","24.5","23","23.1","22.6","24.4","21.6","21.4","20.6","21.9","21.6",,,,
"Ingreso mediano alto","UMC","Tasa de mortalidad por suicidio (por cada 100 000 habitantes)","SH.STA.SUIC.P5",,,,,,,,,,,,,,,,,,,,,,,,,,,,,,,,,,,,,,,,,"13.8712468293704","13.0058621281214","12.5698871205475","12.7913521261948","12.900230151073","12.5875156233425","11.7816510357721","11.232462546967","10.9741349309993","10.5913192041318","10.2079749990097","9.72896655536407","9.29783289581573","9.02124765694347","8.93729393919746","8.6829010106927","8.66706827265608","8.49869391618233","8.41895865337973","8.24750883824027",,,,
"Uruguay","URY","Tasa de mortalidad por suicidio (por cada 100 000 habitantes)","SH.STA.SUIC.P5",,,,,,,,,,,,,,,,,,,,,,,,,,,,,,,,,,,,,,,,,"16","14.5","19.8","15.6","15.3","14.8","15.5","17.4","15.1","15","16","16.8","17.8","15.8","17.4","18.6","21.1","20.8","21.2","21.2",,,,
"Estados Unidos","USA","Tasa de mortalidad por suicidio (por cada 100 000 habitantes)","SH.STA.SUIC.P5",,,,,,,,,,,,,,,,,,,,,,,,,,,,,,,,,,,,,,,,,"11","11.4","11.8","11.7","11.9","11.9","12.1","12.4","12.7","12.8","13.1","13.4","13.5","13.5","14","14.4","15.1","15.9","15.7","16.1",,,,
"Uzbekistán","UZB","Tasa de mortalidad por suicidio (por cada 100 000 habitantes)","SH.STA.SUIC.P5",,,,,,,,,,,,,,,,,,,,,,,,,,,,,,,,,,,,,,,,,"10.1","10","9.7","9","8.6","9.1","8.8","8.6","8.5","8","8.1","8.5","8.9","8.9","9","9.2","9.1","8.8","8.6","8",,,,
"San Vicente y las Granadinas","VCT","Tasa de mortalidad por suicidio (por cada 100 000 habitantes)","SH.STA.SUIC.P5",,,,,,,,,,,,,,,,,,,,,,,,,,,,,,,,,,,,,,,,,"5.7","5.2","6.6","5.8","5.1","9.9","6.2","8.4","4.2","2.6","3","5.6","5.4","3.9","1.4","3.3","0.7","0","1","1",,,,
"Venezuela","VEN","Tasa de mortalidad por suicidio (por cada 100 000 habitantes)","SH.STA.SUIC.P5",,,,,,,,,,,,,,,,,,,,,,,,,,,,,,,,,,,,,,,,,"5.4","5.7","5.4","4.9","4.5","4.4","3.9","3.7","3.5","3.2","3.4","3.6","3.2","2.5","2.1","2.3","2.2","2.2","2.2","2.1",,,,
"Islas Vírgenes Británicas","VGB","Tasa de mortalidad por suicidio (por cada 100 000 habitantes)","SH.STA.SUIC.P5",,,,,,,,,,,,,,,,,,,,,,,,,,,,,,,,,,,,,,,,,,,,,,,,,,,,,,,,,,,,,,,,
"Islas Vírgenes (EE.UU.)","VIR","Tasa de mortalidad por suicidio (por cada 100 000 habitantes)","SH.STA.SUIC.P5",,,,,,,,,,,,,,,,,,,,,,,,,,,,,,,,,,,,,,,,,,,,,,,,,,,,,,,,,,,,,,,,
"Viet Nam","VNM","Tasa de mortalidad por suicidio (por cada 100 000 habitantes)","SH.STA.SUIC.P5",,,,,,,,,,,,,,,,,,,,,,,,,,,,,,,,,,,,,,,,,"6.1","6.1","6.1","6.1","6.3","6.3","6.4","6.7","6.9","6.9","7","7.2","7.4","7.5","7.6","7.7","7.7","7.7","7.6","7.5",,,,
"Vanuatu","VUT","Tasa de mortalidad por suicidio (por cada 100 000 habitantes)","SH.STA.SUIC.P5",,,,,,,,,,,,,,,,,,,,,,,,,,,,,,,,,,,,,,,,,"19.1","18.9","19.1","19","18.6","18.2","19.2","19.1","18.9","19.8","19.5","19","19.1","18.9","18.2","18.2","18","18.1","18.1","18",,,,
"Mundo","WLD","Tasa de mortalidad por suicidio (por cada 100 000 habitantes)","SH.STA.SUIC.P5",,,,,,,,,,,,,,,,,,,,,,,,,,,,,,,,,,,,,,,,,"12.9421409520553","12.4255694713303","12.1745848688888","12.1115314820302","12.0559499566711","11.9683757213111","11.5476426826125","11.2939905023558","11.1754071086948","10.9628162041057","10.7804782668675","10.573076350462","10.2465351624039","9.98426580667387","9.7114694617459","9.45892374890484","9.32925505052712","9.22262459505238","9.26104608527631","9.16030938709268",,,,
"Samoa","WSM","Tasa de mortalidad por suicidio (por cada 100 000 habitantes)","SH.STA.SUIC.P5",,,,,,,,,,,,,,,,,,,,,,,,,,,,,,,,,,,,,,,,,"13.7","13.7","13.4","13.2","12.8","12.9","13","12.9","12.8","11","12.8","12.8","12.7","12.1","12.8","12.7","12.8","12.6","12.6","12.6",,,,
"Kosovo","XKX","Tasa de mortalidad por suicidio (por cada 100 000 habitantes)","SH.STA.SUIC.P5",,,,,,,,,,,,,,,,,,,,,,,,,,,,,,,,,,,,,,,,,,,,,,,,,,,,,,,,,,,,,,,,
"Yemen, Rep. del","YEM","Tasa de mortalidad por suicidio (por cada 100 000 habitantes)","SH.STA.SUIC.P5",,,,,,,,,,,,,,,,,,,,,,,,,,,,,,,,,,,,,,,,,"6.1","6.1","5.9","5.9","6","5.9","5.8","5.8","6","5.9","5.7","5.6","5.7","5.7","5.7","5.5","5.7","5.6","5.9","5.8",,,,
"Sudáfrica","ZAF","Tasa de mortalidad por suicidio (por cada 100 000 habitantes)","SH.STA.SUIC.P5",,,,,,,,,,,,,,,,,,,,,,,,,,,,,,,,,,,,,,,,,"22.4","23","24.3","25.1","24.6","24.4","23.6","24.6","26.7","26.7","24.6","22.4","22.9","23.7","24.1","24.5","24.4","25.2","24.1","23.5",,,,
"Zambia","ZMB","Tasa de mortalidad por suicidio (por cada 100 000 habitantes)","SH.STA.SUIC.P5",,,,,,,,,,,,,,,,,,,,,,,,,,,,,,,,,,,,,,,,,"13.3","12.4","12.1","11.6","12.2","11.9","11.7","10.3","9.7","9.8","10.1","10.3","9.4","9.1","9","8.7","8.5","8.5","8.1","7.3",,,,
"Zimbabwe","ZWE","Tasa de mortalidad por suicidio (por cada 100 000 habitantes)","SH.STA.SUIC.P5",,,,,,,,,,,,,,,,,,,,,,,,,,,,,,,,,,,,,,,,,"13.3","12.8","13.4","13.2","14.2","14","14.4","17.2","20.1","22.2","21.5","20.7","19.7","18.6","18.2","18","16.8","15","14","14.1",,,,
